{"type":"FeatureCollection", "features": [
{"type":"Feature","geometry":{"type":"MultiPolygon","coordinates":[[[[89.545,21.85],[89.535,21.838],[89.531,21.823],[89.55,21.793],[89.541,21.786],[89.538,21.762],[89.555,21.725],[89.574,21.714],[89.606,21.719],[89.589,21.749],[89.587,21.764],[89.601,21.775],[89.603,21.802],[89.557,21.836],[89.545,21.85]]],[[[89.654,21.857],[89.661,21.87],[89.644,21.898],[89.633,21.886],[89.632,21.872],[89.654,21.857]]],[[[89.615,21.947],[89.588,21.946],[89.573,21.935],[89.555,21.899],[89.549,21.877],[89.554,21.856],[89.566,21.842],[89.608,21.811],[89.619,21.786],[89.61,21.764],[89.637,21.757],[89.67,21.755],[89.688,21.764],[89.7,21.776],[89.695,21.797],[89.681,21.804],[89.661,21.822],[89.626,21.864],[89.626,21.884],[89.646,21.911],[89.615,21.947]]],[[[89.546,21.881],[89.553,21.901],[89.567,21.926],[89.569,21.936],[89.542,21.957],[89.547,21.927],[89.546,21.881]]],[[[89.714,21.977],[89.705,21.984],[89.705,22.006],[89.686,21.993],[89.694,21.964],[89.695,21.948],[89.678,21.905],[89.658,21.887],[89.669,21.872],[89.666,21.849],[89.702,21.843],[89.708,21.834],[89.728,21.834],[89.741,21.838],[89.741,21.866],[89.728,21.89],[89.716,21.895],[89.711,21.908],[89.726,21.931],[89.711,21.957],[89.714,21.977]]],[[[89.574,21.942],[89.583,21.949],[89.566,21.968],[89.561,21.973],[89.563,21.977],[89.587,21.987],[89.606,22.009],[89.606,22.021],[89.583,22.033],[89.568,22.038],[89.551,21.985],[89.549,21.961],[89.565,21.943],[89.574,21.942]]],[[[89.85,21.873],[89.865,21.881],[89.876,21.898],[89.876,21.91],[89.87,21.942],[89.861,21.962],[89.86,22.003],[89.853,22.035],[89.843,22.047],[89.827,22.043],[89.84,22.026],[89.841,22.003],[89.813,21.994],[89.807,21.987],[89.836,21.969],[89.845,21.96],[89.843,21.952],[89.816,21.937],[89.812,21.916],[89.844,21.898],[89.848,21.89],[89.843,21.879],[89.85,21.873]]],[[[89.817,22.056],[89.789,22.081],[89.774,22.081],[89.753,22.065],[89.742,22.051],[89.745,22.036],[89.758,22.025],[89.747,22.02],[89.743,22.016],[89.748,22.01],[89.753,22.001],[89.74,21.992],[89.749,21.978],[89.74,21.967],[89.716,21.962],[89.721,21.945],[89.731,21.934],[89.731,21.919],[89.716,21.905],[89.73,21.897],[89.754,21.853],[89.773,21.853],[89.77,21.839],[89.836,21.85],[89.837,21.878],[89.845,21.892],[89.808,21.916],[89.808,21.933],[89.817,21.942],[89.843,21.955],[89.836,21.965],[89.804,21.988],[89.81,21.995],[89.836,22.001],[89.84,22.021],[89.827,22.035],[89.817,22.056]]],[[[89.637,22.097],[89.612,22.092],[89.6,22.085],[89.596,22.09],[89.573,22.053],[89.569,22.039],[89.605,22.024],[89.609,22.013],[89.606,22.004],[89.588,21.986],[89.563,21.975],[89.563,21.973],[89.582,21.958],[89.587,21.95],[89.604,21.952],[89.626,21.948],[89.642,21.961],[89.645,21.982],[89.627,21.978],[89.62,21.996],[89.632,22.002],[89.639,21.992],[89.655,22.004],[89.66,22.02],[89.652,22.033],[89.655,22.049],[89.659,22.054],[89.666,22.055],[89.658,22.072],[89.646,22.074],[89.65,22.083],[89.649,22.099],[89.637,22.097]]],[[[89.747,22.134],[89.713,22.128],[89.713,22.104],[89.709,22.093],[89.711,22.074],[89.703,22.064],[89.681,22.056],[89.682,22.048],[89.7,22.041],[89.705,22.024],[89.708,21.986],[89.725,21.979],[89.732,21.969],[89.746,21.977],[89.733,21.989],[89.749,22.003],[89.743,22.012],[89.742,22.016],[89.744,22.02],[89.739,22.05],[89.75,22.064],[89.77,22.079],[89.774,22.089],[89.767,22.11],[89.755,22.133],[89.747,22.134]]],[[[89.619,22.167],[89.612,22.156],[89.614,22.149],[89.61,22.134],[89.604,22.125],[89.598,22.089],[89.622,22.097],[89.646,22.101],[89.651,22.099],[89.652,22.084],[89.668,22.056],[89.664,22.052],[89.658,22.051],[89.654,22.036],[89.661,22.021],[89.654,22.001],[89.645,21.986],[89.646,21.962],[89.628,21.945],[89.639,21.932],[89.657,21.903],[89.67,21.909],[89.685,21.95],[89.684,21.967],[89.677,21.991],[89.699,22.03],[89.673,22.047],[89.68,22.068],[89.668,22.084],[89.664,22.101],[89.677,22.12],[89.68,22.132],[89.67,22.142],[89.661,22.136],[89.637,22.163],[89.619,22.167]]],[[[89.889,22.158],[89.888,22.165],[89.889,22.151],[89.891,22.15],[89.889,22.158]]],[[[89.62,22.278],[89.623,22.292],[89.613,22.297],[89.594,22.277],[89.599,22.252],[89.596,22.233],[89.581,22.218],[89.554,22.21],[89.556,22.196],[89.597,22.142],[89.613,22.15],[89.61,22.159],[89.613,22.168],[89.605,22.178],[89.618,22.198],[89.607,22.206],[89.6,22.221],[89.619,22.257],[89.61,22.266],[89.62,22.278]]],[[[89.801,22.941],[89.786,22.962],[89.78,22.983],[89.768,22.978],[89.761,22.965],[89.749,22.964],[89.751,22.946],[89.73,22.924],[89.736,22.913],[89.721,22.903],[89.709,22.882],[89.695,22.874],[89.699,22.865],[89.718,22.849],[89.712,22.826],[89.675,22.811],[89.677,22.798],[89.666,22.795],[89.657,22.758],[89.647,22.753],[89.636,22.766],[89.611,22.774],[89.608,22.752],[89.599,22.739],[89.592,22.709],[89.603,22.703],[89.57,22.692],[89.58,22.673],[89.558,22.679],[89.549,22.661],[89.553,22.642],[89.537,22.625],[89.532,22.609],[89.536,22.599],[89.568,22.556],[89.582,22.515],[89.588,22.479],[89.596,22.45],[89.623,22.407],[89.629,22.366],[89.636,22.35],[89.631,22.327],[89.615,22.3],[89.625,22.294],[89.625,22.277],[89.613,22.265],[89.621,22.257],[89.615,22.241],[89.622,22.215],[89.607,22.208],[89.618,22.202],[89.619,22.194],[89.607,22.179],[89.616,22.168],[89.632,22.167],[89.644,22.16],[89.651,22.149],[89.677,22.142],[89.682,22.135],[89.679,22.121],[89.667,22.099],[89.674,22.076],[89.685,22.067],[89.704,22.071],[89.704,22.093],[89.71,22.104],[89.709,22.13],[89.69,22.176],[89.697,22.191],[89.687,22.198],[89.694,22.214],[89.714,22.199],[89.714,22.188],[89.694,22.182],[89.706,22.145],[89.714,22.131],[89.744,22.138],[89.758,22.135],[89.771,22.112],[89.776,22.091],[89.803,22.077],[89.836,22.12],[89.835,22.101],[89.806,22.075],[89.817,22.066],[89.844,22.063],[89.861,22.085],[89.875,22.095],[89.884,22.115],[89.885,22.141],[89.877,22.176],[89.886,22.177],[89.876,22.21],[89.865,22.226],[89.858,22.256],[89.862,22.291],[89.876,22.32],[89.892,22.341],[89.9,22.361],[89.898,22.382],[89.875,22.406],[89.871,22.417],[89.877,22.428],[89.911,22.447],[89.93,22.446],[89.945,22.466],[89.925,22.478],[89.897,22.475],[89.884,22.486],[89.882,22.496],[89.892,22.507],[89.914,22.505],[89.932,22.497],[89.965,22.493],[89.965,22.508],[89.932,22.508],[89.923,22.513],[89.944,22.538],[89.958,22.564],[89.963,22.589],[89.958,22.599],[89.921,22.606],[89.927,22.641],[89.896,22.656],[89.9,22.673],[89.914,22.66],[89.937,22.679],[89.921,22.692],[89.903,22.695],[89.867,22.692],[89.862,22.702],[89.903,22.725],[89.932,22.726],[89.931,22.753],[89.915,22.752],[89.905,22.774],[89.917,22.777],[89.932,22.794],[89.916,22.798],[89.915,22.807],[89.946,22.832],[89.94,22.845],[89.944,22.856],[89.922,22.864],[89.92,22.881],[89.89,22.881],[89.874,22.887],[89.864,22.904],[89.838,22.917],[89.816,22.937],[89.801,22.941]]]]},"properties":{"shapeName":"Bagerhat"}},
{"type":"Feature","geometry":{"type":"Polygon","coordinates":[[[92.614,21.852],[92.587,21.881],[92.57,21.928],[92.538,21.989],[92.523,22.027],[92.516,22.068],[92.501,22.102],[92.498,22.148],[92.483,22.222],[92.466,22.252],[92.413,22.303],[92.384,22.328],[92.362,22.341],[92.28,22.355],[92.264,22.344],[92.221,22.331],[92.196,22.332],[92.197,22.343],[92.184,22.347],[92.146,22.348],[92.145,22.332],[92.155,22.323],[92.148,22.296],[92.137,22.286],[92.138,22.266],[92.143,22.259],[92.138,22.235],[92.147,22.218],[92.145,22.208],[92.16,22.189],[92.163,22.175],[92.156,22.164],[92.17,22.138],[92.16,22.13],[92.173,22.113],[92.171,22.105],[92.144,22.091],[92.164,22.083],[92.156,22.074],[92.176,22.064],[92.162,22.045],[92.185,22.027],[92.202,22.019],[92.203,21.991],[92.213,21.977],[92.191,21.951],[92.159,21.943],[92.175,21.91],[92.161,21.911],[92.13,21.902],[92.1,21.922],[92.077,21.923],[92.06,21.908],[92.081,21.888],[92.09,21.84],[92.077,21.817],[92.081,21.81],[92.098,21.806],[92.11,21.795],[92.129,21.797],[92.143,21.779],[92.167,21.78],[92.181,21.791],[92.182,21.779],[92.19,21.777],[92.18,21.822],[92.168,21.838],[92.18,21.848],[92.192,21.825],[92.205,21.816],[92.204,21.804],[92.212,21.787],[92.194,21.785],[92.192,21.775],[92.187,21.774],[92.175,21.783],[92.161,21.769],[92.156,21.735],[92.122,21.739],[92.114,21.734],[92.118,21.718],[92.093,21.689],[92.112,21.667],[92.114,21.651],[92.107,21.641],[92.141,21.618],[92.142,21.601],[92.15,21.596],[92.168,21.605],[92.172,21.587],[92.185,21.569],[92.177,21.555],[92.159,21.542],[92.17,21.513],[92.177,21.508],[92.2,21.514],[92.223,21.495],[92.221,21.486],[92.239,21.475],[92.24,21.461],[92.231,21.448],[92.238,21.414],[92.246,21.402],[92.219,21.4],[92.202,21.391],[92.189,21.425],[92.163,21.432],[92.156,21.413],[92.127,21.401],[92.131,21.381],[92.15,21.344],[92.154,21.323],[92.172,21.289],[92.193,21.266],[92.186,21.257],[92.179,21.234],[92.17,21.228],[92.168,21.213],[92.176,21.184],[92.201,21.207],[92.218,21.232],[92.211,21.248],[92.22,21.258],[92.198,21.32],[92.211,21.34],[92.259,21.362],[92.256,21.389],[92.27,21.4],[92.269,21.428],[92.292,21.43],[92.297,21.42],[92.33,21.42],[92.338,21.436],[92.343,21.467],[92.381,21.48],[92.428,21.424],[92.439,21.365],[92.46,21.369],[92.499,21.361],[92.511,21.364],[92.509,21.377],[92.555,21.384],[92.586,21.288],[92.586,21.271],[92.595,21.246],[92.612,21.246],[92.629,21.269],[92.68,21.286],[92.68,21.298],[92.665,21.318],[92.651,21.359],[92.65,21.386],[92.643,21.4],[92.638,21.437],[92.634,21.439],[92.624,21.475],[92.626,21.496],[92.62,21.517],[92.615,21.57],[92.609,21.585],[92.611,21.621],[92.602,21.655],[92.608,21.681],[92.602,21.704],[92.609,21.731],[92.605,21.743],[92.612,21.782],[92.608,21.795],[92.609,21.817],[92.616,21.832],[92.614,21.852]]]},"properties":{"shapeName":"Bandarban"}},
{"type":"Feature","geometry":{"type":"MultiPolygon","coordinates":[[[[89.891,22.15],[89.891,22.158],[89.889,22.158],[89.891,22.15]]],[[[90.23,22.453],[90.228,22.464],[90.237,22.486],[90.213,22.475],[90.19,22.48],[90.175,22.457],[90.177,22.438],[90.167,22.423],[90.143,22.406],[90.117,22.365],[90.101,22.356],[90.094,22.345],[90.08,22.352],[90.068,22.342],[90.051,22.337],[90.053,22.315],[90.024,22.293],[90.02,22.275],[90.029,22.26],[90.019,22.231],[89.999,22.229],[90.001,22.214],[89.978,22.203],[89.959,22.183],[89.943,22.176],[89.931,22.163],[89.907,22.159],[89.912,22.133],[89.91,22.108],[89.901,22.073],[89.912,22.047],[89.917,22.024],[89.929,22.012],[89.936,21.995],[89.938,21.959],[89.957,21.947],[89.974,21.949],[89.988,21.966],[89.971,22.024],[89.984,22.051],[90.014,22.07],[90.023,22.081],[90.013,22.103],[90.014,22.124],[90.02,22.135],[90.056,22.164],[90.031,22.169],[90.031,22.178],[90.058,22.179],[90.071,22.161],[90.065,22.149],[90.036,22.13],[90.03,22.108],[90.036,22.078],[90.03,22.055],[90.02,22.044],[89.994,22.039],[89.987,22.032],[89.996,22],[90.016,21.983],[90.052,21.981],[90.065,22.024],[90.086,22.06],[90.123,22.086],[90.144,22.115],[90.155,22.123],[90.177,22.127],[90.204,22.126],[90.21,22.153],[90.224,22.145],[90.223,22.132],[90.207,22.113],[90.181,22.106],[90.158,22.114],[90.14,22.084],[90.09,22.041],[90.075,22.002],[90.073,21.973],[90.054,21.956],[90.032,21.948],[90.026,21.939],[90.023,21.908],[90.024,21.884],[90.046,21.865],[90.066,21.86],[90.09,21.874],[90.108,21.896],[90.11,21.898],[90.108,21.913],[90.115,21.926],[90.133,21.929],[90.141,21.936],[90.134,21.945],[90.135,21.96],[90.147,21.975],[90.153,21.983],[90.159,21.987],[90.172,21.981],[90.191,21.985],[90.179,22.002],[90.197,22.021],[90.211,22.048],[90.191,22.06],[90.186,22.084],[90.2,22.092],[90.218,22.065],[90.234,22.059],[90.241,22.027],[90.256,22.033],[90.276,22.031],[90.289,22.057],[90.291,22.072],[90.317,22.082],[90.334,22.1],[90.341,22.119],[90.337,22.166],[90.35,22.181],[90.352,22.195],[90.363,22.215],[90.343,22.238],[90.328,22.246],[90.331,22.263],[90.304,22.244],[90.289,22.243],[90.272,22.263],[90.246,22.262],[90.236,22.248],[90.233,22.227],[90.225,22.217],[90.179,22.236],[90.161,22.247],[90.148,22.273],[90.143,22.29],[90.146,22.312],[90.178,22.34],[90.187,22.366],[90.188,22.395],[90.196,22.415],[90.211,22.418],[90.23,22.453]]]]},"properties":{"shapeName":"Barguna"}},
{"type":"Feature","geometry":{"type":"MultiPolygon","coordinates":[[[[90.554,22.593],[90.542,22.605],[90.547,22.593],[90.554,22.593]]],[[[90.538,22.59],[90.527,22.615],[90.526,22.641],[90.521,22.638],[90.524,22.578],[90.535,22.584],[90.538,22.59]]],[[[90.56,22.699],[90.529,22.706],[90.519,22.693],[90.52,22.646],[90.526,22.643],[90.525,22.684],[90.553,22.687],[90.56,22.699]]],[[[90.564,22.706],[90.573,22.722],[90.57,22.746],[90.56,22.769],[90.548,22.758],[90.543,22.74],[90.549,22.703],[90.564,22.706]]],[[[90.525,22.721],[90.522,22.762],[90.529,22.787],[90.515,22.802],[90.502,22.791],[90.502,22.775],[90.486,22.752],[90.495,22.744],[90.505,22.721],[90.519,22.71],[90.525,22.721]]],[[[90.56,22.77],[90.568,22.792],[90.582,22.803],[90.568,22.8],[90.541,22.783],[90.53,22.768],[90.531,22.738],[90.541,22.743],[90.548,22.76],[90.56,22.77]]],[[[90.52,22.877],[90.51,22.878],[90.482,22.854],[90.486,22.846],[90.52,22.877]]],[[[90.651,22.848],[90.623,22.87],[90.571,22.879],[90.555,22.887],[90.534,22.889],[90.491,22.849],[90.487,22.829],[90.497,22.802],[90.517,22.804],[90.541,22.794],[90.571,22.81],[90.602,22.814],[90.615,22.826],[90.644,22.837],[90.651,22.848]]],[[[90.597,22.911],[90.566,22.901],[90.57,22.887],[90.593,22.883],[90.601,22.9],[90.597,22.911]]],[[[90.677,22.931],[90.666,22.944],[90.667,22.935],[90.689,22.916],[90.687,22.918],[90.677,22.931]]],[[[90.458,23.004],[90.452,23.006],[90.414,23.002],[90.43,22.989],[90.458,22.988],[90.458,23.004]]],[[[90.476,23.008],[90.483,22.975],[90.494,22.964],[90.514,22.956],[90.534,22.93],[90.54,22.911],[90.539,22.897],[90.558,22.9],[90.587,22.92],[90.592,22.928],[90.587,22.945],[90.548,22.988],[90.528,23.016],[90.51,23.034],[90.49,23.023],[90.476,23.008]]],[[[90.567,23.044],[90.573,23.021],[90.589,23.025],[90.567,23.044]]],[[[90.566,23.045],[90.548,23.06],[90.542,23.038],[90.546,23.011],[90.56,22.999],[90.574,23.008],[90.567,23.027],[90.566,23.045]]],[[[90.498,23.049],[90.499,23.069],[90.483,23.066],[90.487,23.05],[90.498,23.049]]],[[[90.23,22.453],[90.264,22.463],[90.268,22.47],[90.293,22.469],[90.322,22.481],[90.336,22.468],[90.358,22.492],[90.371,22.501],[90.392,22.485],[90.411,22.481],[90.43,22.464],[90.441,22.487],[90.44,22.51],[90.457,22.535],[90.477,22.532],[90.498,22.545],[90.514,22.535],[90.529,22.547],[90.52,22.559],[90.539,22.563],[90.511,22.581],[90.477,22.579],[90.477,22.585],[90.507,22.587],[90.511,22.607],[90.503,22.655],[90.506,22.676],[90.503,22.71],[90.494,22.723],[90.47,22.744],[90.452,22.756],[90.432,22.758],[90.448,22.775],[90.463,22.768],[90.474,22.754],[90.496,22.779],[90.494,22.789],[90.468,22.798],[90.477,22.822],[90.475,22.865],[90.487,22.876],[90.529,22.899],[90.531,22.92],[90.516,22.943],[90.484,22.958],[90.473,22.977],[90.453,22.985],[90.42,22.99],[90.41,22.999],[90.417,23.007],[90.408,23.017],[90.421,23.029],[90.423,23.039],[90.394,23.047],[90.383,23.056],[90.349,23.057],[90.33,23.058],[90.316,23.053],[90.314,23.037],[90.327,23.018],[90.328,22.997],[90.32,22.981],[90.291,22.973],[90.259,22.972],[90.23,22.979],[90.234,23.002],[90.233,23.018],[90.238,23.037],[90.214,23.07],[90.195,23.055],[90.173,23.066],[90.158,23.063],[90.155,23.053],[90.135,23.05],[90.127,23.026],[90.127,23.006],[90.095,23.007],[90.088,22.989],[90.077,22.983],[90.07,22.968],[90.057,22.961],[90.056,22.932],[90.035,22.934],[90.033,22.92],[90.023,22.9],[90.018,22.871],[90.035,22.866],[90.034,22.839],[90.028,22.818],[90.044,22.825],[90.068,22.8],[90.08,22.784],[90.093,22.785],[90.106,22.775],[90.115,22.778],[90.141,22.76],[90.152,22.763],[90.177,22.753],[90.181,22.776],[90.192,22.786],[90.216,22.762],[90.231,22.751],[90.255,22.752],[90.27,22.732],[90.268,22.715],[90.274,22.69],[90.291,22.68],[90.299,22.686],[90.322,22.671],[90.315,22.661],[90.337,22.659],[90.351,22.651],[90.373,22.649],[90.369,22.631],[90.354,22.627],[90.384,22.605],[90.378,22.592],[90.362,22.6],[90.363,22.581],[90.347,22.576],[90.331,22.583],[90.309,22.566],[90.283,22.561],[90.284,22.549],[90.27,22.541],[90.253,22.524],[90.231,22.508],[90.21,22.501],[90.19,22.48],[90.213,22.475],[90.237,22.486],[90.228,22.464],[90.23,22.453]]]]},"properties":{"shapeName":"Barisal"}},
{"type":"Feature","geometry":{"type":"MultiPolygon","coordinates":[[[[90.772,21.856],[90.811,21.863],[90.829,21.884],[90.833,21.898],[90.806,21.917],[90.79,21.907],[90.771,21.868],[90.772,21.856]]],[[[90.729,21.858],[90.742,21.868],[90.749,21.889],[90.762,21.912],[90.755,21.932],[90.734,21.925],[90.716,21.899],[90.712,21.872],[90.716,21.86],[90.729,21.858]]],[[[90.607,21.924],[90.613,21.934],[90.618,21.967],[90.61,21.964],[90.615,21.958],[90.613,21.934],[90.607,21.924]]],[[[90.682,21.976],[90.632,21.974],[90.626,21.96],[90.621,21.917],[90.615,21.891],[90.647,21.897],[90.671,21.92],[90.685,21.937],[90.7,21.975],[90.682,21.976]]],[[[90.602,21.968],[90.587,21.984],[90.587,21.974],[90.602,21.968]]],[[[90.868,21.977],[90.854,21.991],[90.838,21.979],[90.831,21.962],[90.838,21.932],[90.863,21.946],[90.861,21.968],[90.868,21.977]]],[[[90.818,21.945],[90.817,21.957],[90.83,21.982],[90.821,21.988],[90.809,21.968],[90.78,21.935],[90.818,21.945]]],[[[90.59,21.987],[90.607,21.978],[90.621,21.987],[90.62,21.996],[90.595,22.028],[90.582,22.023],[90.593,21.996],[90.59,21.987]]],[[[90.729,22.018],[90.753,22.04],[90.741,22.048],[90.722,22.019],[90.729,22.018]]],[[[90.891,22.05],[90.898,22.06],[90.895,22.086],[90.88,22.082],[90.879,22.057],[90.891,22.05]]],[[[90.579,22.051],[90.59,22.059],[90.598,22.088],[90.608,22.108],[90.605,22.139],[90.599,22.167],[90.602,22.187],[90.586,22.185],[90.573,22.147],[90.585,22.14],[90.581,22.12],[90.586,22.103],[90.579,22.051]]],[[[90.587,22.189],[90.619,22.198],[90.633,22.213],[90.632,22.243],[90.622,22.243],[90.587,22.189]]],[[[91.014,22.27],[91.009,22.257],[91.015,22.243],[91.014,22.27]]],[[[90.899,22.207],[90.909,22.247],[90.913,22.279],[90.909,22.293],[90.894,22.246],[90.899,22.207]]],[[[91.019,22.293],[91.024,22.316],[91.019,22.332],[91.009,22.318],[91.019,22.293]]],[[[90.991,22.329],[90.989,22.344],[90.97,22.343],[90.972,22.302],[90.96,22.256],[90.947,22.225],[90.919,22.172],[90.9,22.121],[90.901,22.081],[90.92,22.075],[90.933,22.109],[90.958,22.143],[90.989,22.2],[91.001,22.278],[90.991,22.329]]],[[[90.918,22.286],[90.921,22.29],[90.937,22.339],[90.93,22.347],[90.911,22.304],[90.918,22.286]]],[[[90.891,22.355],[90.89,22.382],[90.885,22.395],[90.865,22.357],[90.871,22.334],[90.886,22.341],[90.891,22.355]]],[[[90.99,22.391],[90.972,22.421],[90.96,22.415],[90.949,22.391],[90.963,22.366],[90.99,22.365],[90.994,22.371],[90.99,22.391]]],[[[90.951,22.465],[90.938,22.456],[90.933,22.433],[90.948,22.418],[90.968,22.428],[90.951,22.465]]],[[[90.632,22.463],[90.635,22.473],[90.618,22.476],[90.632,22.463]]],[[[90.884,22.517],[90.869,22.529],[90.861,22.527],[90.863,22.499],[90.882,22.491],[90.904,22.495],[90.905,22.502],[90.884,22.517]]],[[[90.641,22.553],[90.618,22.553],[90.602,22.534],[90.628,22.494],[90.648,22.49],[90.648,22.508],[90.642,22.525],[90.654,22.541],[90.641,22.553]]],[[[90.586,22.547],[90.603,22.545],[90.607,22.555],[90.593,22.57],[90.575,22.57],[90.586,22.547]]],[[[90.932,22.497],[90.894,22.56],[90.86,22.579],[90.843,22.572],[90.847,22.559],[90.875,22.531],[90.922,22.494],[90.934,22.494],[90.932,22.497]]],[[[90.554,22.593],[90.557,22.589],[90.561,22.601],[90.542,22.605],[90.554,22.593]]],[[[90.526,22.643],[90.54,22.651],[90.566,22.648],[90.572,22.668],[90.567,22.689],[90.56,22.699],[90.553,22.687],[90.525,22.684],[90.526,22.643]]],[[[90.728,22.729],[90.705,22.752],[90.695,22.726],[90.717,22.685],[90.727,22.703],[90.728,22.729]]],[[[90.564,22.706],[90.568,22.704],[90.577,22.673],[90.572,22.649],[90.537,22.632],[90.534,22.619],[90.554,22.614],[90.577,22.598],[90.6,22.571],[90.647,22.561],[90.667,22.547],[90.67,22.534],[90.668,22.502],[90.674,22.47],[90.672,22.424],[90.678,22.396],[90.675,22.369],[90.681,22.36],[90.684,22.332],[90.678,22.279],[90.651,22.216],[90.64,22.2],[90.621,22.18],[90.619,22.101],[90.598,22.047],[90.597,22.035],[90.616,22.007],[90.629,21.994],[90.685,22],[90.705,22.011],[90.724,22.037],[90.741,22.053],[90.781,22.078],[90.795,22.108],[90.811,22.125],[90.823,22.181],[90.831,22.223],[90.841,22.266],[90.843,22.292],[90.836,22.325],[90.836,22.346],[90.848,22.386],[90.864,22.411],[90.861,22.432],[90.848,22.44],[90.831,22.457],[90.815,22.48],[90.78,22.509],[90.766,22.53],[90.762,22.544],[90.759,22.593],[90.739,22.616],[90.715,22.632],[90.7,22.658],[90.698,22.676],[90.681,22.698],[90.676,22.719],[90.663,22.746],[90.657,22.782],[90.624,22.804],[90.599,22.808],[90.582,22.803],[90.568,22.792],[90.56,22.77],[90.56,22.769],[90.57,22.746],[90.573,22.722],[90.564,22.706]]],[[[90.602,22.814],[90.65,22.807],[90.671,22.811],[90.676,22.817],[90.656,22.845],[90.644,22.837],[90.615,22.826],[90.602,22.814]]]]},"properties":{"shapeName":"Bhola"}},
{"type":"Feature","geometry":{"type":"Polygon","coordinates":[[[89.648,25.047],[89.634,25.039],[89.61,25.051],[89.572,25.043],[89.564,25.038],[89.515,25.04],[89.493,25.051],[89.488,25.062],[89.465,25.058],[89.453,25.075],[89.43,25.073],[89.41,25.077],[89.381,25.06],[89.36,25.066],[89.353,25.089],[89.332,25.123],[89.318,25.116],[89.301,25.118],[89.291,25.109],[89.28,25.088],[89.246,25.065],[89.243,25.03],[89.232,25.02],[89.218,25.024],[89.204,25.004],[89.191,24.995],[89.192,24.984],[89.182,24.973],[89.187,24.962],[89.175,24.953],[89.122,24.95],[89.128,24.962],[89.103,24.971],[89.091,24.954],[89.085,24.934],[89.098,24.891],[89.088,24.888],[89.077,24.869],[89.068,24.871],[89.039,24.862],[89.036,24.857],[88.99,24.859],[88.974,24.849],[88.981,24.824],[88.97,24.823],[88.977,24.803],[88.975,24.773],[88.966,24.764],[88.964,24.743],[88.973,24.739],[88.989,24.743],[88.997,24.766],[89.011,24.765],[89.021,24.78],[89.038,24.781],[89.045,24.789],[89.072,24.782],[89.089,24.782],[89.082,24.764],[89.09,24.754],[89.087,24.739],[89.097,24.735],[89.107,24.715],[89.121,24.715],[89.124,24.731],[89.151,24.738],[89.145,24.714],[89.132,24.7],[89.138,24.684],[89.162,24.686],[89.167,24.672],[89.136,24.656],[89.136,24.644],[89.146,24.623],[89.154,24.619],[89.173,24.623],[89.171,24.635],[89.189,24.652],[89.205,24.61],[89.216,24.613],[89.217,24.593],[89.231,24.583],[89.244,24.602],[89.254,24.606],[89.258,24.626],[89.286,24.627],[89.307,24.614],[89.308,24.598],[89.329,24.599],[89.327,24.576],[89.339,24.559],[89.404,24.552],[89.41,24.561],[89.426,24.561],[89.431,24.551],[89.464,24.544],[89.481,24.555],[89.504,24.557],[89.522,24.552],[89.556,24.555],[89.571,24.547],[89.601,24.562],[89.604,24.583],[89.603,24.604],[89.583,24.618],[89.559,24.626],[89.546,24.652],[89.549,24.674],[89.565,24.699],[89.59,24.703],[89.607,24.687],[89.624,24.685],[89.638,24.696],[89.648,24.719],[89.661,24.728],[89.655,24.745],[89.666,24.747],[89.68,24.784],[89.715,24.777],[89.73,24.798],[89.71,24.807],[89.687,24.826],[89.668,24.865],[89.661,24.888],[89.686,24.903],[89.683,24.916],[89.672,24.93],[89.678,24.943],[89.677,24.966],[89.662,24.986],[89.661,25.008],[89.648,25.047]]]},"properties":{"shapeName":"Bogra"}},
{"type":"Feature","geometry":{"type":"Polygon","coordinates":[[[91.303,23.997],[91.296,24.006],[91.308,24.018],[91.312,24.039],[91.304,24.056],[91.284,24.064],[91.293,24.093],[91.269,24.095],[91.272,24.141],[91.277,24.182],[91.315,24.193],[91.285,24.21],[91.299,24.223],[91.32,24.231],[91.328,24.243],[91.321,24.264],[91.302,24.266],[91.284,24.246],[91.282,24.227],[91.266,24.225],[91.246,24.233],[91.22,24.238],[91.207,24.237],[91.187,24.248],[91.174,24.265],[91.131,24.243],[91.085,24.241],[91.079,24.227],[91.087,24.212],[91.065,24.216],[91.038,24.21],[91.025,24.189],[91.009,24.174],[90.992,24.165],[90.985,24.153],[91.009,24.129],[91.044,24.11],[91.054,24.093],[91.051,24.079],[91.042,24.066],[91.009,24.05],[90.986,24.031],[90.966,24.006],[90.974,23.981],[90.972,23.968],[90.953,23.954],[90.951,23.929],[90.93,23.91],[90.92,23.883],[90.909,23.868],[90.898,23.863],[90.858,23.879],[90.834,23.863],[90.781,23.866],[90.767,23.864],[90.759,23.85],[90.768,23.82],[90.766,23.802],[90.735,23.763],[90.724,23.747],[90.723,23.726],[90.739,23.703],[90.741,23.693],[90.765,23.698],[90.77,23.685],[90.782,23.684],[90.786,23.697],[90.776,23.707],[90.781,23.729],[90.8,23.746],[90.834,23.724],[90.85,23.727],[90.873,23.72],[90.887,23.737],[90.885,23.753],[90.9,23.765],[90.913,23.765],[90.946,23.776],[90.995,23.786],[91.035,23.796],[91.053,23.768],[91.058,23.746],[91.079,23.736],[91.074,23.728],[91.088,23.715],[91.105,23.709],[91.124,23.674],[91.132,23.665],[91.156,23.669],[91.176,23.659],[91.193,23.655],[91.207,23.685],[91.194,23.69],[91.154,23.689],[91.149,23.712],[91.159,23.742],[91.168,23.75],[91.21,23.749],[91.218,23.74],[91.231,23.765],[91.226,23.791],[91.234,23.811],[91.254,23.838],[91.23,23.881],[91.228,23.899],[91.245,23.907],[91.241,23.923],[91.272,23.925],[91.273,23.938],[91.264,23.944],[91.271,23.963],[91.285,23.982],[91.297,23.976],[91.303,23.997]]]},"properties":{"shapeName":"Brahamanbaria"}},
{"type":"Feature","geometry":{"type":"MultiPolygon","coordinates":[[[[90.602,23.01],[90.608,23.029],[90.597,23.039],[90.59,23.025],[90.596,23.016],[90.598,23.015],[90.602,23.01]]],[[[90.589,23.025],[90.58,23.058],[90.57,23.058],[90.567,23.044],[90.589,23.025]]],[[[90.566,23.045],[90.568,23.058],[90.586,23.067],[90.577,23.087],[90.548,23.06],[90.566,23.045]]],[[[90.599,23.11],[90.593,23.095],[90.58,23.087],[90.588,23.074],[90.584,23.052],[90.61,23.034],[90.62,23.077],[90.599,23.11]]],[[[90.608,23.293],[90.59,23.297],[90.594,23.281],[90.608,23.293]]],[[[90.688,23.492],[90.662,23.494],[90.647,23.502],[90.632,23.502],[90.613,23.49],[90.601,23.498],[90.576,23.496],[90.584,23.48],[90.578,23.471],[90.578,23.452],[90.57,23.437],[90.546,23.406],[90.539,23.379],[90.547,23.367],[90.576,23.358],[90.591,23.336],[90.591,23.343],[90.62,23.344],[90.639,23.333],[90.663,23.284],[90.663,23.255],[90.655,23.238],[90.639,23.231],[90.638,23.19],[90.643,23.184],[90.638,23.167],[90.644,23.145],[90.639,23.14],[90.643,23.11],[90.646,23.058],[90.645,23.044],[90.647,22.984],[90.663,23.008],[90.66,23.021],[90.667,23.034],[90.662,23.05],[90.688,23.063],[90.707,23.058],[90.732,23.042],[90.749,23.059],[90.752,23.068],[90.79,23.085],[90.797,23.119],[90.817,23.124],[90.821,23.133],[90.836,23.138],[90.849,23.152],[90.849,23.166],[90.879,23.174],[90.893,23.171],[90.912,23.148],[90.935,23.144],[90.956,23.146],[90.962,23.131],[90.981,23.133],[90.988,23.141],[91.008,23.142],[91.006,23.155],[91.008,23.185],[91.015,23.213],[91.029,23.223],[91.024,23.247],[91.014,23.248],[90.994,23.289],[90.981,23.287],[90.975,23.315],[90.956,23.332],[90.953,23.348],[90.932,23.347],[90.93,23.377],[90.89,23.408],[90.882,23.442],[90.864,23.452],[90.847,23.472],[90.833,23.464],[90.818,23.463],[90.818,23.448],[90.785,23.438],[90.77,23.441],[90.761,23.422],[90.733,23.424],[90.711,23.435],[90.71,23.455],[90.688,23.492]]]]},"properties":{"shapeName":"Chandpur"}},
{"type":"Feature","geometry":{"type":"MultiPolygon","coordinates":[[[[91.399,22.423],[91.393,22.423],[91.375,22.398],[91.353,22.376],[91.39,22.373],[91.405,22.382],[91.408,22.395],[91.399,22.423]]],[[[91.339,22.53],[91.352,22.527],[91.355,22.542],[91.351,22.562],[91.333,22.565],[91.339,22.53]]],[[[91.53,22.39],[91.556,22.399],[91.568,22.409],[91.571,22.45],[91.564,22.472],[91.542,22.502],[91.499,22.568],[91.476,22.595],[91.462,22.607],[91.439,22.606],[91.421,22.597],[91.426,22.569],[91.42,22.522],[91.434,22.48],[91.443,22.461],[91.457,22.443],[91.48,22.4],[91.51,22.387],[91.53,22.39]]],[[[91.332,22.566],[91.349,22.567],[91.353,22.575],[91.353,22.6],[91.346,22.609],[91.33,22.611],[91.311,22.603],[91.332,22.566]]],[[[91.318,22.65],[91.328,22.641],[91.358,22.637],[91.38,22.627],[91.395,22.632],[91.41,22.677],[91.402,22.693],[91.373,22.717],[91.354,22.729],[91.338,22.732],[91.349,22.716],[91.343,22.686],[91.335,22.668],[91.318,22.65]]],[[[92.146,22.348],[92.132,22.37],[92.122,22.366],[92.099,22.401],[92.119,22.416],[92.128,22.431],[92.136,22.431],[92.14,22.448],[92.128,22.459],[92.129,22.493],[92.117,22.529],[92.11,22.529],[92.107,22.556],[92.101,22.577],[92.086,22.585],[92.08,22.61],[92.07,22.615],[92.033,22.613],[92.013,22.605],[92.006,22.582],[92.017,22.569],[92.015,22.549],[92.027,22.529],[92.017,22.518],[92.016,22.499],[91.997,22.485],[91.981,22.484],[91.97,22.496],[91.978,22.508],[91.962,22.574],[91.939,22.624],[91.935,22.657],[91.943,22.668],[91.926,22.68],[91.928,22.689],[91.924,22.699],[91.898,22.692],[91.883,22.697],[91.877,22.716],[91.887,22.766],[91.846,22.773],[91.818,22.793],[91.807,22.791],[91.803,22.779],[91.788,22.778],[91.775,22.795],[91.755,22.844],[91.754,22.863],[91.734,22.871],[91.716,22.887],[91.723,22.903],[91.725,22.935],[91.731,22.94],[91.717,22.97],[91.713,22.989],[91.694,22.988],[91.685,22.98],[91.664,22.982],[91.645,22.976],[91.627,22.956],[91.605,22.962],[91.606,22.972],[91.591,22.977],[91.577,22.965],[91.568,22.955],[91.545,22.952],[91.531,22.926],[91.531,22.913],[91.511,22.901],[91.493,22.904],[91.466,22.901],[91.462,22.878],[91.474,22.872],[91.465,22.855],[91.466,22.848],[91.462,22.829],[91.446,22.809],[91.447,22.785],[91.45,22.778],[91.454,22.757],[91.48,22.715],[91.497,22.703],[91.525,22.69],[91.558,22.661],[91.582,22.634],[91.585,22.616],[91.601,22.604],[91.637,22.57],[91.656,22.548],[91.69,22.514],[91.709,22.488],[91.738,22.427],[91.737,22.408],[91.75,22.359],[91.768,22.302],[91.766,22.272],[91.8,22.226],[91.822,22.242],[91.831,22.265],[91.802,22.275],[91.794,22.294],[91.815,22.318],[91.849,22.327],[91.865,22.338],[91.882,22.391],[91.887,22.384],[91.885,22.346],[91.871,22.33],[91.86,22.324],[91.829,22.319],[91.804,22.303],[91.802,22.281],[91.836,22.27],[91.84,22.26],[91.831,22.24],[91.816,22.23],[91.812,22.208],[91.824,22.157],[91.841,22.118],[91.862,22.117],[91.865,22.082],[91.877,22.051],[91.878,22.022],[91.874,22.003],[91.883,21.98],[91.89,21.948],[91.908,21.93],[91.907,21.91],[91.913,21.889],[91.917,21.858],[91.922,21.875],[91.939,21.878],[91.954,21.889],[91.998,21.908],[92.017,21.904],[92.038,21.907],[92.057,21.924],[92.06,21.908],[92.077,21.923],[92.1,21.922],[92.13,21.902],[92.161,21.911],[92.175,21.91],[92.159,21.943],[92.191,21.951],[92.213,21.977],[92.203,21.991],[92.202,22.019],[92.185,22.027],[92.162,22.045],[92.176,22.064],[92.156,22.074],[92.164,22.083],[92.144,22.091],[92.171,22.105],[92.173,22.113],[92.16,22.13],[92.17,22.138],[92.156,22.164],[92.163,22.175],[92.16,22.189],[92.145,22.208],[92.147,22.218],[92.138,22.235],[92.143,22.259],[92.138,22.266],[92.137,22.286],[92.148,22.296],[92.155,22.323],[92.145,22.332],[92.146,22.348]]]]},"properties":{"shapeName":"Chittagong"}},
{"type":"Feature","geometry":{"type":"Polygon","coordinates":[[[89.017,23.709],[89.007,23.723],[89.006,23.748],[88.99,23.752],[89.002,23.775],[89,23.782],[88.977,23.789],[88.976,23.799],[88.958,23.809],[88.938,23.804],[88.93,23.791],[88.91,23.785],[88.921,23.821],[88.903,23.84],[88.891,23.827],[88.873,23.834],[88.859,23.833],[88.834,23.816],[88.825,23.797],[88.819,23.773],[88.789,23.766],[88.781,23.738],[88.784,23.717],[88.774,23.7],[88.747,23.695],[88.738,23.684],[88.687,23.66],[88.68,23.648],[88.654,23.647],[88.643,23.631],[88.638,23.61],[88.638,23.598],[88.648,23.581],[88.654,23.557],[88.674,23.548],[88.686,23.533],[88.712,23.509],[88.724,23.513],[88.732,23.496],[88.754,23.479],[88.772,23.498],[88.792,23.503],[88.799,23.491],[88.787,23.47],[88.79,23.451],[88.782,23.441],[88.766,23.449],[88.751,23.403],[88.753,23.389],[88.765,23.37],[88.787,23.38],[88.794,23.37],[88.808,23.387],[88.828,23.377],[88.833,23.385],[88.852,23.375],[88.861,23.377],[88.875,23.392],[88.878,23.407],[88.895,23.409],[88.912,23.405],[88.934,23.413],[88.936,23.433],[88.93,23.462],[88.945,23.483],[88.947,23.512],[88.934,23.532],[88.947,23.552],[88.976,23.557],[88.988,23.571],[88.989,23.589],[89.004,23.604],[89.012,23.656],[89.006,23.669],[89.011,23.707],[89.017,23.709]]]},"properties":{"shapeName":"Chuadanga"}},
{"type":"Feature","geometry":{"type":"Polygon","coordinates":[[[90.741,23.693],[90.73,23.664],[90.698,23.666],[90.675,23.68],[90.657,23.672],[90.638,23.669],[90.638,23.65],[90.63,23.621],[90.653,23.62],[90.667,23.589],[90.647,23.588],[90.647,23.576],[90.667,23.572],[90.687,23.557],[90.701,23.525],[90.711,23.515],[90.701,23.498],[90.688,23.492],[90.71,23.455],[90.711,23.435],[90.733,23.424],[90.761,23.422],[90.77,23.441],[90.785,23.438],[90.818,23.448],[90.818,23.463],[90.833,23.464],[90.847,23.472],[90.864,23.452],[90.882,23.442],[90.89,23.408],[90.93,23.377],[90.932,23.347],[90.953,23.348],[90.956,23.332],[90.975,23.315],[90.981,23.287],[90.994,23.289],[91.014,23.248],[91.024,23.247],[91.029,23.223],[91.015,23.213],[91.008,23.185],[91.006,23.155],[91.008,23.142],[90.988,23.141],[90.981,23.133],[90.987,23.117],[91.037,23.113],[91.043,23.09],[91.051,23.083],[91.079,23.072],[91.129,23.075],[91.16,23.084],[91.183,23.061],[91.204,23.066],[91.237,23.066],[91.242,23.057],[91.259,23.055],[91.281,23.055],[91.302,23.048],[91.331,23.066],[91.372,23.069],[91.347,23.102],[91.348,23.119],[91.337,23.131],[91.333,23.153],[91.325,23.169],[91.324,23.238],[91.31,23.277],[91.3,23.293],[91.309,23.314],[91.29,23.319],[91.296,23.341],[91.28,23.377],[91.276,23.415],[91.271,23.43],[91.256,23.442],[91.251,23.454],[91.252,23.481],[91.236,23.489],[91.236,23.502],[91.218,23.5],[91.201,23.523],[91.208,23.543],[91.177,23.593],[91.164,23.601],[91.158,23.622],[91.161,23.654],[91.156,23.669],[91.132,23.665],[91.124,23.674],[91.105,23.709],[91.088,23.715],[91.074,23.728],[91.079,23.736],[91.058,23.746],[91.053,23.768],[91.035,23.796],[90.995,23.786],[90.946,23.776],[90.913,23.765],[90.9,23.765],[90.885,23.753],[90.887,23.737],[90.873,23.72],[90.85,23.727],[90.834,23.724],[90.8,23.746],[90.781,23.729],[90.776,23.707],[90.786,23.697],[90.782,23.684],[90.77,23.685],[90.765,23.698],[90.741,23.693]]]},"properties":{"shapeName":"Comilla"}},
{"type":"Feature","geometry":{"type":"MultiPolygon","coordinates":[[[[91.863,21.601],[91.866,21.622],[91.847,21.61],[91.852,21.595],[91.863,21.601]]],[[[91.87,21.923],[91.846,21.899],[91.847,21.88],[91.841,21.859],[91.85,21.837],[91.851,21.821],[91.842,21.805],[91.845,21.775],[91.833,21.76],[91.829,21.723],[91.843,21.722],[91.877,21.821],[91.895,21.861],[91.894,21.891],[91.88,21.921],[91.87,21.923]]],[[[92.06,21.908],[92.057,21.924],[92.038,21.907],[92.017,21.904],[91.998,21.908],[91.954,21.889],[91.939,21.878],[91.922,21.875],[91.917,21.858],[91.915,21.84],[91.907,21.812],[91.882,21.757],[91.871,21.717],[91.858,21.697],[91.856,21.672],[91.878,21.648],[91.892,21.649],[91.885,21.628],[91.869,21.615],[91.881,21.593],[91.871,21.576],[91.861,21.573],[91.864,21.559],[91.884,21.545],[91.861,21.543],[91.851,21.532],[91.856,21.514],[91.893,21.48],[91.914,21.474],[91.927,21.493],[91.939,21.503],[91.971,21.507],[91.978,21.512],[91.985,21.594],[91.993,21.606],[91.989,21.63],[91.997,21.633],[92.009,21.613],[91.992,21.57],[92.002,21.516],[91.98,21.474],[91.97,21.476],[91.951,21.465],[91.949,21.459],[91.961,21.438],[91.983,21.418],[91.988,21.407],[92.017,21.368],[92.035,21.329],[92.048,21.286],[92.044,21.234],[92.047,21.224],[92.046,21.185],[92.054,21.167],[92.1,21.112],[92.174,21.027],[92.188,21.005],[92.203,20.958],[92.225,20.912],[92.253,20.874],[92.277,20.835],[92.302,20.782],[92.317,20.76],[92.331,20.747],[92.343,20.75],[92.335,20.792],[92.323,20.819],[92.317,20.85],[92.299,20.889],[92.284,20.901],[92.27,20.919],[92.262,20.95],[92.263,20.978],[92.251,21.026],[92.257,21.05],[92.265,21.062],[92.258,21.079],[92.233,21.097],[92.224,21.12],[92.207,21.119],[92.198,21.139],[92.199,21.161],[92.176,21.16],[92.176,21.184],[92.168,21.213],[92.17,21.228],[92.179,21.234],[92.186,21.257],[92.193,21.266],[92.172,21.289],[92.154,21.323],[92.15,21.344],[92.131,21.381],[92.127,21.401],[92.156,21.413],[92.163,21.432],[92.189,21.425],[92.202,21.391],[92.219,21.4],[92.246,21.402],[92.238,21.414],[92.231,21.448],[92.24,21.461],[92.239,21.475],[92.221,21.486],[92.223,21.495],[92.2,21.514],[92.177,21.508],[92.17,21.513],[92.159,21.542],[92.177,21.555],[92.185,21.569],[92.172,21.587],[92.168,21.605],[92.15,21.596],[92.142,21.601],[92.141,21.618],[92.107,21.641],[92.114,21.651],[92.112,21.667],[92.093,21.689],[92.118,21.718],[92.114,21.734],[92.122,21.739],[92.156,21.735],[92.161,21.769],[92.175,21.783],[92.187,21.774],[92.192,21.775],[92.194,21.785],[92.212,21.787],[92.204,21.804],[92.205,21.816],[92.192,21.825],[92.18,21.848],[92.168,21.838],[92.18,21.822],[92.19,21.777],[92.182,21.779],[92.181,21.791],[92.167,21.78],[92.143,21.779],[92.129,21.797],[92.11,21.795],[92.098,21.806],[92.081,21.81],[92.077,21.817],[92.09,21.84],[92.081,21.888],[92.06,21.908]]]]},"properties":{"shapeName":"Cox's Bazar"}},
{"type":"Feature","geometry":{"type":"Polygon","coordinates":[[[90.148,24.034],[90.128,24.033],[90.11,24.019],[90.102,24.019],[90.082,24.041],[90.074,24.034],[90.041,24.028],[90.008,24.011],[90.044,24.004],[90.048,23.988],[90.039,23.983],[90.046,23.963],[90.06,23.958],[90.068,23.94],[90.067,23.917],[90.072,23.905],[90.085,23.911],[90.094,23.901],[90.108,23.896],[90.122,23.873],[90.145,23.847],[90.151,23.834],[90.172,23.828],[90.185,23.819],[90.197,23.83],[90.219,23.84],[90.24,23.832],[90.247,23.807],[90.242,23.784],[90.226,23.764],[90.219,23.748],[90.254,23.722],[90.225,23.709],[90.204,23.725],[90.19,23.721],[90.176,23.726],[90.16,23.726],[90.154,23.748],[90.137,23.745],[90.124,23.735],[90.116,23.718],[90.101,23.73],[90.084,23.73],[90.081,23.717],[90.066,23.725],[90.051,23.726],[90.05,23.712],[90.04,23.705],[90.038,23.685],[90.02,23.673],[90.018,23.652],[90.008,23.635],[90.045,23.629],[90.048,23.613],[90.042,23.596],[90.055,23.584],[90.047,23.574],[90.078,23.561],[90.102,23.569],[90.13,23.565],[90.158,23.522],[90.171,23.527],[90.182,23.54],[90.177,23.552],[90.185,23.562],[90.203,23.564],[90.209,23.589],[90.226,23.602],[90.226,23.614],[90.247,23.633],[90.247,23.65],[90.274,23.662],[90.286,23.674],[90.328,23.644],[90.347,23.637],[90.368,23.653],[90.392,23.648],[90.43,23.609],[90.447,23.624],[90.47,23.629],[90.471,23.639],[90.448,23.665],[90.462,23.684],[90.499,23.705],[90.502,23.718],[90.49,23.736],[90.482,23.773],[90.471,23.784],[90.48,23.792],[90.487,23.826],[90.471,23.847],[90.472,23.866],[90.46,23.88],[90.461,23.89],[90.438,23.901],[90.419,23.886],[90.396,23.88],[90.394,23.888],[90.377,23.898],[90.355,23.888],[90.345,23.904],[90.348,23.928],[90.346,23.947],[90.331,23.95],[90.3,23.949],[90.298,23.962],[90.26,23.971],[90.25,23.992],[90.26,24.01],[90.247,24.032],[90.24,24.032],[90.24,24.009],[90.194,24.009],[90.171,24.001],[90.162,24.02],[90.148,24.034]]]},"properties":{"shapeName":"Dhaka"}},
{"type":"Feature","geometry":{"type":"Polygon","coordinates":[[[88.627,26.056],[88.608,26.05],[88.609,26.037],[88.588,26.02],[88.568,26.025],[88.546,26.019],[88.541,25.996],[88.531,25.992],[88.53,25.977],[88.538,25.962],[88.512,25.941],[88.496,25.907],[88.48,25.902],[88.485,25.866],[88.459,25.861],[88.445,25.862],[88.438,25.872],[88.408,25.868],[88.4,25.843],[88.386,25.84],[88.391,25.81],[88.384,25.787],[88.387,25.763],[88.4,25.731],[88.421,25.732],[88.436,25.709],[88.438,25.688],[88.427,25.67],[88.454,25.664],[88.455,25.631],[88.445,25.614],[88.444,25.597],[88.457,25.599],[88.465,25.588],[88.5,25.584],[88.5,25.551],[88.533,25.542],[88.548,25.518],[88.578,25.508],[88.596,25.506],[88.603,25.516],[88.622,25.497],[88.645,25.499],[88.646,25.479],[88.663,25.474],[88.696,25.473],[88.71,25.481],[88.708,25.5],[88.742,25.505],[88.749,25.494],[88.769,25.499],[88.759,25.51],[88.759,25.524],[88.781,25.515],[88.803,25.524],[88.814,25.488],[88.83,25.49],[88.837,25.473],[88.837,25.452],[88.83,25.417],[88.837,25.402],[88.838,25.368],[88.856,25.354],[88.869,25.352],[88.876,25.337],[88.906,25.338],[88.915,25.313],[88.929,25.312],[88.939,25.301],[88.976,25.306],[88.993,25.296],[89.009,25.297],[89.008,25.268],[89.021,25.268],[89.029,25.277],[89.051,25.265],[89.07,25.27],[89.096,25.241],[89.117,25.246],[89.14,25.247],[89.15,25.256],[89.168,25.24],[89.205,25.228],[89.215,25.236],[89.246,25.224],[89.28,25.229],[89.299,25.223],[89.286,25.258],[89.273,25.265],[89.265,25.29],[89.281,25.301],[89.261,25.314],[89.238,25.319],[89.227,25.344],[89.235,25.351],[89.205,25.389],[89.16,25.403],[89.149,25.417],[89.148,25.434],[89.125,25.452],[89.123,25.466],[89.106,25.472],[89.107,25.507],[89.101,25.543],[89.103,25.562],[89.061,25.588],[89.047,25.584],[89.038,25.604],[89.016,25.603],[89.01,25.619],[89,25.621],[89.001,25.649],[88.978,25.669],[88.939,25.686],[88.931,25.721],[88.941,25.734],[88.898,25.735],[88.886,25.772],[88.867,25.771],[88.856,25.777],[88.843,25.812],[88.828,25.813],[88.823,25.839],[88.826,25.856],[88.813,25.883],[88.803,25.897],[88.801,25.922],[88.779,25.935],[88.76,25.939],[88.751,25.947],[88.744,25.967],[88.748,25.975],[88.738,25.997],[88.735,26.015],[88.718,26.007],[88.7,26.015],[88.673,26.013],[88.663,26.017],[88.645,26.044],[88.627,26.056]]]},"properties":{"shapeName":"Dinajpur"}},
{"type":"Feature","geometry":{"type":"Polygon","coordinates":[[[90.008,23.635],[89.994,23.641],[89.938,23.654],[89.921,23.668],[89.898,23.674],[89.865,23.719],[89.841,23.709],[89.811,23.721],[89.793,23.709],[89.79,23.683],[89.762,23.681],[89.756,23.667],[89.728,23.666],[89.731,23.636],[89.728,23.619],[89.747,23.607],[89.752,23.59],[89.73,23.582],[89.713,23.589],[89.669,23.586],[89.668,23.608],[89.655,23.61],[89.646,23.591],[89.618,23.589],[89.605,23.595],[89.586,23.594],[89.565,23.604],[89.562,23.592],[89.548,23.591],[89.542,23.577],[89.529,23.571],[89.521,23.586],[89.507,23.587],[89.497,23.579],[89.499,23.558],[89.523,23.551],[89.538,23.536],[89.501,23.521],[89.49,23.501],[89.49,23.482],[89.508,23.478],[89.508,23.506],[89.527,23.513],[89.572,23.498],[89.601,23.479],[89.608,23.467],[89.609,23.412],[89.617,23.394],[89.608,23.37],[89.604,23.338],[89.621,23.31],[89.618,23.304],[89.634,23.289],[89.649,23.29],[89.666,23.283],[89.637,23.262],[89.633,23.238],[89.642,23.232],[89.668,23.245],[89.686,23.227],[89.688,23.21],[89.731,23.247],[89.751,23.277],[89.748,23.291],[89.765,23.29],[89.793,23.311],[89.824,23.346],[89.839,23.332],[89.85,23.341],[89.879,23.333],[89.905,23.342],[89.916,23.331],[89.906,23.316],[89.925,23.31],[89.932,23.322],[89.946,23.322],[89.961,23.329],[89.947,23.341],[89.95,23.358],[89.971,23.35],[89.993,23.325],[90.019,23.319],[90.004,23.303],[90.024,23.288],[90.033,23.333],[90.039,23.339],[90.068,23.305],[90.093,23.313],[90.092,23.326],[90.099,23.343],[90.084,23.349],[90.088,23.367],[90.097,23.38],[90.097,23.403],[90.11,23.413],[90.103,23.42],[90.111,23.433],[90.106,23.446],[90.111,23.456],[90.135,23.465],[90.153,23.466],[90.182,23.498],[90.158,23.522],[90.13,23.565],[90.102,23.569],[90.078,23.561],[90.047,23.574],[90.055,23.584],[90.042,23.596],[90.048,23.613],[90.045,23.629],[90.008,23.635]]]},"properties":{"shapeName":"Faridpur"}},
{"type":"Feature","geometry":{"type":"MultiPolygon","coordinates":[[[[91.331,22.817],[91.317,22.822],[91.314,22.808],[91.328,22.798],[91.331,22.817]]],[[[91.466,22.848],[91.452,22.828],[91.431,22.828],[91.42,22.808],[91.447,22.785],[91.446,22.809],[91.462,22.829],[91.466,22.848]]],[[[91.332,22.821],[91.337,22.838],[91.333,22.842],[91.321,22.839],[91.319,22.844],[91.329,22.848],[91.311,22.844],[91.325,22.837],[91.325,22.827],[91.332,22.821]]],[[[91.577,22.965],[91.557,22.979],[91.557,22.997],[91.542,23],[91.55,23.039],[91.53,23.038],[91.535,23.063],[91.511,23.104],[91.514,23.123],[91.503,23.131],[91.504,23.141],[91.491,23.158],[91.503,23.192],[91.485,23.188],[91.484,23.209],[91.475,23.22],[91.459,23.213],[91.454,23.224],[91.47,23.228],[91.454,23.258],[91.415,23.264],[91.409,23.248],[91.393,23.247],[91.401,23.229],[91.386,23.228],[91.385,23.156],[91.389,23.153],[91.403,23.114],[91.4,23.097],[91.416,23.082],[91.406,23.059],[91.396,23.056],[91.372,23.069],[91.331,23.066],[91.302,23.048],[91.281,23.055],[91.259,23.055],[91.256,23.043],[91.265,23.022],[91.259,23.012],[91.256,22.964],[91.263,22.944],[91.26,22.91],[91.247,22.902],[91.265,22.882],[91.269,22.892],[91.3,22.894],[91.339,22.91],[91.345,22.898],[91.337,22.845],[91.339,22.841],[91.336,22.821],[91.335,22.819],[91.335,22.794],[91.345,22.789],[91.373,22.798],[91.377,22.785],[91.395,22.78],[91.407,22.765],[91.424,22.757],[91.43,22.78],[91.422,22.798],[91.405,22.808],[91.434,22.84],[91.451,22.83],[91.465,22.855],[91.474,22.872],[91.462,22.878],[91.466,22.901],[91.493,22.904],[91.511,22.901],[91.531,22.913],[91.531,22.926],[91.545,22.952],[91.568,22.955],[91.577,22.965]]]]},"properties":{"shapeName":"Feni"}},
{"type":"Feature","geometry":{"type":"Polygon","coordinates":[[[89.648,25.047],[89.656,25.05],[89.653,25.078],[89.64,25.089],[89.65,25.106],[89.652,25.144],[89.672,25.17],[89.686,25.204],[89.701,25.232],[89.713,25.236],[89.748,25.235],[89.749,25.271],[89.756,25.281],[89.745,25.299],[89.732,25.344],[89.723,25.358],[89.744,25.374],[89.748,25.386],[89.74,25.397],[89.702,25.39],[89.702,25.412],[89.694,25.423],[89.706,25.46],[89.705,25.469],[89.684,25.475],[89.671,25.485],[89.678,25.493],[89.694,25.492],[89.695,25.505],[89.683,25.511],[89.691,25.538],[89.675,25.535],[89.645,25.547],[89.634,25.56],[89.617,25.569],[89.585,25.558],[89.565,25.585],[89.536,25.591],[89.549,25.627],[89.536,25.649],[89.513,25.619],[89.497,25.622],[89.489,25.604],[89.486,25.581],[89.466,25.598],[89.443,25.584],[89.413,25.588],[89.408,25.571],[89.411,25.537],[89.44,25.53],[89.442,25.488],[89.415,25.463],[89.398,25.46],[89.391,25.442],[89.38,25.444],[89.378,25.41],[89.366,25.403],[89.364,25.389],[89.343,25.367],[89.347,25.337],[89.33,25.322],[89.346,25.315],[89.343,25.304],[89.313,25.299],[89.281,25.301],[89.265,25.29],[89.273,25.265],[89.286,25.258],[89.299,25.223],[89.28,25.229],[89.246,25.224],[89.215,25.236],[89.205,25.228],[89.195,25.217],[89.194,25.2],[89.184,25.187],[89.196,25.181],[89.231,25.144],[89.249,25.113],[89.252,25.097],[89.28,25.088],[89.291,25.109],[89.301,25.118],[89.318,25.116],[89.332,25.123],[89.353,25.089],[89.36,25.066],[89.381,25.06],[89.41,25.077],[89.43,25.073],[89.453,25.075],[89.465,25.058],[89.488,25.062],[89.493,25.051],[89.515,25.04],[89.564,25.038],[89.572,25.043],[89.61,25.051],[89.634,25.039],[89.648,25.047]]]},"properties":{"shapeName":"Gaibandha"}},
{"type":"Feature","geometry":{"type":"Polygon","coordinates":[[[90.471,23.847],[90.483,23.847],[90.503,23.859],[90.506,23.87],[90.521,23.877],[90.517,23.888],[90.554,23.886],[90.571,23.895],[90.56,23.911],[90.577,23.917],[90.592,23.914],[90.608,23.922],[90.617,23.94],[90.618,23.967],[90.63,23.98],[90.641,24.006],[90.657,24.011],[90.657,24.025],[90.635,24.071],[90.641,24.076],[90.639,24.098],[90.657,24.092],[90.668,24.1],[90.7,24.101],[90.695,24.117],[90.676,24.118],[90.695,24.141],[90.688,24.145],[90.685,24.167],[90.686,24.19],[90.672,24.205],[90.673,24.223],[90.685,24.234],[90.683,24.244],[90.656,24.251],[90.649,24.258],[90.622,24.269],[90.603,24.263],[90.577,24.246],[90.554,24.259],[90.547,24.273],[90.521,24.29],[90.529,24.303],[90.512,24.312],[90.489,24.314],[90.456,24.34],[90.437,24.339],[90.421,24.308],[90.404,24.284],[90.382,24.288],[90.365,24.281],[90.359,24.291],[90.324,24.299],[90.29,24.278],[90.301,24.269],[90.3,24.255],[90.29,24.245],[90.29,24.227],[90.266,24.215],[90.249,24.188],[90.226,24.162],[90.219,24.123],[90.23,24.106],[90.208,24.095],[90.184,24.1],[90.176,24.074],[90.158,24.064],[90.15,24.052],[90.148,24.034],[90.162,24.02],[90.171,24.001],[90.194,24.009],[90.24,24.009],[90.24,24.032],[90.247,24.032],[90.26,24.01],[90.25,23.992],[90.26,23.971],[90.298,23.962],[90.3,23.949],[90.331,23.95],[90.346,23.947],[90.348,23.928],[90.345,23.904],[90.355,23.888],[90.377,23.898],[90.394,23.888],[90.396,23.88],[90.419,23.886],[90.438,23.901],[90.461,23.89],[90.46,23.88],[90.472,23.866],[90.471,23.847]]]},"properties":{"shapeName":"Gazipur"}},
{"type":"Feature","geometry":{"type":"Polygon","coordinates":[[[89.944,22.856],[89.967,22.854],[89.987,22.866],[90.018,22.871],[90.023,22.9],[90.033,22.92],[90.035,22.934],[90.056,22.932],[90.057,22.961],[90.07,22.968],[90.077,22.983],[90.088,22.989],[90.095,23.007],[90.127,23.006],[90.127,23.026],[90.135,23.05],[90.126,23.027],[90.115,23.034],[90.108,23.077],[90.11,23.103],[90.119,23.111],[90.079,23.113],[90.064,23.12],[90.051,23.107],[90.044,23.121],[90.014,23.129],[90.012,23.139],[89.993,23.132],[89.984,23.111],[89.968,23.111],[89.936,23.118],[89.941,23.125],[89.944,23.157],[89.966,23.165],[89.985,23.218],[89.996,23.217],[90.003,23.228],[90.018,23.23],[90.024,23.257],[90.024,23.288],[90.004,23.303],[90.019,23.319],[89.993,23.325],[89.971,23.35],[89.95,23.358],[89.947,23.341],[89.961,23.329],[89.946,23.322],[89.932,23.322],[89.925,23.31],[89.906,23.316],[89.916,23.331],[89.905,23.342],[89.879,23.333],[89.85,23.341],[89.839,23.332],[89.824,23.346],[89.793,23.311],[89.765,23.29],[89.748,23.291],[89.751,23.277],[89.731,23.247],[89.688,23.21],[89.681,23.198],[89.68,23.18],[89.696,23.162],[89.714,23.178],[89.733,23.186],[89.757,23.187],[89.761,23.175],[89.739,23.173],[89.73,23.158],[89.742,23.14],[89.739,23.13],[89.714,23.116],[89.7,23.115],[89.695,23.128],[89.677,23.133],[89.673,23.123],[89.691,23.099],[89.733,23.076],[89.73,23.053],[89.745,23.05],[89.755,23.032],[89.758,23.014],[89.769,23.005],[89.797,22.996],[89.792,22.98],[89.801,22.972],[89.806,22.956],[89.801,22.941],[89.816,22.937],[89.838,22.917],[89.864,22.904],[89.874,22.887],[89.89,22.881],[89.92,22.881],[89.922,22.864],[89.944,22.856]]]},"properties":{"shapeName":"Gopalganj"}},
{"type":"Feature","geometry":{"type":"Polygon","coordinates":[[[91.303,23.997],[91.324,23.995],[91.341,23.982],[91.363,23.983],[91.378,23.993],[91.374,24.004],[91.391,24.026],[91.397,24.05],[91.377,24.08],[91.374,24.106],[91.398,24.11],[91.428,24.107],[91.455,24.097],[91.476,24.101],[91.498,24.087],[91.509,24.087],[91.545,24.074],[91.557,24.077],[91.591,24.075],[91.599,24.097],[91.614,24.093],[91.638,24.105],[91.641,24.113],[91.634,24.138],[91.647,24.157],[91.645,24.174],[91.641,24.188],[91.626,24.211],[91.614,24.253],[91.614,24.287],[91.632,24.312],[91.63,24.344],[91.619,24.362],[91.603,24.365],[91.603,24.417],[91.62,24.416],[91.618,24.44],[91.607,24.442],[91.614,24.463],[91.61,24.48],[91.615,24.504],[91.635,24.52],[91.64,24.536],[91.654,24.548],[91.641,24.556],[91.63,24.576],[91.631,24.595],[91.654,24.597],[91.668,24.607],[91.661,24.626],[91.637,24.628],[91.646,24.645],[91.64,24.657],[91.649,24.675],[91.636,24.674],[91.625,24.658],[91.611,24.67],[91.592,24.667],[91.58,24.675],[91.568,24.664],[91.545,24.655],[91.496,24.669],[91.456,24.667],[91.438,24.661],[91.429,24.682],[91.415,24.673],[91.401,24.671],[91.387,24.682],[91.38,24.695],[91.367,24.69],[91.351,24.668],[91.332,24.662],[91.313,24.647],[91.29,24.595],[91.272,24.6],[91.262,24.578],[91.234,24.569],[91.213,24.523],[91.191,24.501],[91.18,24.494],[91.169,24.501],[91.152,24.485],[91.228,24.481],[91.237,24.46],[91.238,24.442],[91.217,24.432],[91.215,24.409],[91.237,24.407],[91.241,24.379],[91.23,24.366],[91.215,24.358],[91.234,24.333],[91.234,24.315],[91.197,24.322],[91.179,24.322],[91.17,24.315],[91.159,24.284],[91.185,24.293],[91.193,24.28],[91.174,24.265],[91.187,24.248],[91.207,24.237],[91.22,24.238],[91.246,24.233],[91.266,24.225],[91.282,24.227],[91.284,24.246],[91.302,24.266],[91.321,24.264],[91.328,24.243],[91.32,24.231],[91.299,24.223],[91.285,24.21],[91.315,24.193],[91.277,24.182],[91.272,24.141],[91.269,24.095],[91.293,24.093],[91.284,24.064],[91.304,24.056],[91.312,24.039],[91.308,24.018],[91.296,24.006],[91.303,23.997]]]},"properties":{"shapeName":"Habiganj"}},
{"type":"Feature","geometry":{"type":"Polygon","coordinates":[[[89.715,24.777],[89.74,24.768],[89.758,24.767],[89.771,24.773],[89.781,24.763],[89.787,24.728],[89.772,24.724],[89.799,24.679],[89.783,24.67],[89.785,24.626],[89.766,24.623],[89.765,24.614],[89.781,24.591],[89.789,24.572],[89.804,24.567],[89.816,24.577],[89.829,24.601],[89.842,24.614],[89.843,24.632],[89.85,24.647],[89.864,24.647],[89.867,24.665],[89.879,24.679],[89.899,24.681],[89.895,24.695],[89.882,24.705],[89.878,24.728],[89.881,24.742],[89.912,24.736],[89.936,24.755],[89.941,24.745],[89.958,24.744],[89.96,24.732],[89.974,24.724],[89.993,24.728],[89.992,24.737],[90.02,24.755],[90.022,24.77],[90.032,24.777],[90.048,24.774],[90.076,24.788],[90.087,24.79],[90.103,24.783],[90.125,24.789],[90.141,24.788],[90.16,24.797],[90.159,24.812],[90.172,24.828],[90.184,24.83],[90.188,24.852],[90.196,24.86],[90.195,24.885],[90.171,24.889],[90.157,24.895],[90.155,24.905],[90.134,24.899],[90.109,24.908],[90.067,24.906],[90.046,24.911],[90.013,24.911],[89.996,24.923],[89.982,24.917],[89.956,24.924],[89.944,24.934],[89.943,24.95],[89.933,24.961],[89.907,24.955],[89.906,24.98],[89.89,25.008],[89.88,25.02],[89.883,25.036],[89.905,25.034],[89.905,25.044],[89.924,25.061],[89.911,25.072],[89.915,25.089],[89.895,25.116],[89.9,25.135],[89.901,25.159],[89.91,25.172],[89.901,25.181],[89.886,25.183],[89.889,25.214],[89.899,25.225],[89.906,25.266],[89.931,25.261],[89.931,25.283],[89.948,25.294],[89.909,25.308],[89.9,25.305],[89.885,25.288],[89.857,25.287],[89.831,25.296],[89.842,25.308],[89.84,25.319],[89.821,25.356],[89.82,25.383],[89.827,25.406],[89.826,25.415],[89.799,25.42],[89.787,25.428],[89.773,25.426],[89.784,25.407],[89.78,25.388],[89.744,25.374],[89.723,25.358],[89.732,25.344],[89.745,25.299],[89.756,25.281],[89.749,25.271],[89.748,25.235],[89.713,25.236],[89.701,25.232],[89.686,25.204],[89.672,25.17],[89.652,25.144],[89.65,25.106],[89.64,25.089],[89.653,25.078],[89.656,25.05],[89.648,25.047],[89.661,25.008],[89.662,24.986],[89.677,24.966],[89.678,24.943],[89.672,24.93],[89.683,24.916],[89.686,24.903],[89.661,24.888],[89.668,24.865],[89.687,24.826],[89.71,24.807],[89.73,24.798],[89.715,24.777]]]},"properties":{"shapeName":"Jamalpur"}},
{"type":"Feature","geometry":{"type":"Polygon","coordinates":[[[89.258,23.371],[89.251,23.361],[89.251,23.345],[89.243,23.329],[89.222,23.324],[89.204,23.31],[89.207,23.302],[89.194,23.29],[89.17,23.29],[89.143,23.276],[89.127,23.276],[89.107,23.286],[89.095,23.301],[89.065,23.313],[89.061,23.329],[89.053,23.335],[89.07,23.352],[89.067,23.36],[89.04,23.36],[89.041,23.372],[89.024,23.374],[89.017,23.363],[89.035,23.352],[89.008,23.34],[88.979,23.341],[88.961,23.329],[88.968,23.31],[88.965,23.289],[88.921,23.277],[88.907,23.246],[88.891,23.245],[88.89,23.231],[88.907,23.236],[88.919,23.215],[88.942,23.206],[88.976,23.225],[88.988,23.217],[88.987,23.206],[88.974,23.193],[88.962,23.193],[88.956,23.182],[88.935,23.172],[88.931,23.143],[88.918,23.129],[88.906,23.125],[88.9,23.112],[88.884,23.111],[88.871,23.102],[88.875,23.09],[88.861,23.077],[88.875,23.062],[88.874,23.047],[88.882,23.041],[88.872,23.017],[88.865,22.986],[88.855,22.959],[88.868,22.951],[88.893,22.953],[88.891,22.927],[88.909,22.919],[88.922,22.913],[88.942,22.912],[88.95,22.922],[88.963,22.919],[88.992,22.923],[88.989,22.944],[89.015,22.947],[89.034,22.93],[89.059,22.936],[89.082,22.932],[89.097,22.923],[89.107,22.933],[89.126,22.927],[89.142,22.898],[89.138,22.891],[89.118,22.904],[89.111,22.889],[89.129,22.871],[89.123,22.853],[89.125,22.842],[89.137,22.827],[89.158,22.827],[89.159,22.814],[89.142,22.803],[89.148,22.795],[89.163,22.802],[89.168,22.817],[89.196,22.811],[89.223,22.821],[89.247,22.836],[89.251,22.846],[89.267,22.851],[89.296,22.854],[89.296,22.843],[89.329,22.838],[89.329,22.827],[89.353,22.835],[89.345,22.867],[89.356,22.879],[89.341,22.92],[89.364,22.924],[89.373,22.935],[89.392,22.933],[89.406,22.957],[89.427,22.962],[89.43,22.995],[89.439,23.008],[89.456,23.01],[89.478,22.977],[89.482,22.954],[89.512,22.928],[89.523,22.943],[89.545,22.952],[89.563,22.971],[89.561,22.984],[89.552,22.977],[89.537,22.984],[89.53,23.007],[89.51,23.016],[89.505,23.029],[89.491,23.037],[89.468,23.032],[89.444,23.055],[89.44,23.074],[89.444,23.091],[89.439,23.112],[89.417,23.083],[89.395,23.081],[89.385,23.087],[89.39,23.105],[89.378,23.136],[89.409,23.153],[89.412,23.168],[89.422,23.181],[89.419,23.231],[89.426,23.239],[89.426,23.259],[89.397,23.28],[89.358,23.295],[89.349,23.285],[89.337,23.304],[89.326,23.298],[89.319,23.324],[89.308,23.318],[89.301,23.33],[89.288,23.336],[89.277,23.365],[89.258,23.371]]]},"properties":{"shapeName":"Jessore"}},
{"type":"Feature","geometry":{"type":"Polygon","coordinates":[[[90.19,22.48],[90.21,22.501],[90.231,22.508],[90.253,22.524],[90.27,22.541],[90.284,22.549],[90.283,22.561],[90.309,22.566],[90.331,22.583],[90.347,22.576],[90.363,22.581],[90.362,22.6],[90.378,22.592],[90.384,22.605],[90.354,22.627],[90.369,22.631],[90.373,22.649],[90.351,22.651],[90.337,22.659],[90.315,22.661],[90.322,22.671],[90.299,22.686],[90.291,22.68],[90.274,22.69],[90.268,22.715],[90.27,22.732],[90.255,22.752],[90.231,22.751],[90.216,22.762],[90.192,22.786],[90.181,22.776],[90.177,22.753],[90.179,22.735],[90.159,22.72],[90.155,22.705],[90.138,22.674],[90.099,22.657],[90.097,22.639],[90.106,22.621],[90.108,22.605],[90.101,22.595],[90.077,22.588],[90.064,22.594],[90.056,22.579],[90.066,22.553],[90.067,22.529],[90.065,22.508],[90.085,22.488],[90.101,22.499],[90.134,22.487],[90.123,22.468],[90.101,22.445],[90.077,22.44],[90.066,22.462],[90.056,22.454],[90.055,22.442],[90.027,22.443],[90.029,22.419],[90.039,22.402],[90.023,22.394],[90.019,22.372],[90.036,22.371],[90.056,22.356],[90.051,22.337],[90.068,22.342],[90.08,22.352],[90.094,22.345],[90.101,22.356],[90.117,22.365],[90.143,22.406],[90.167,22.423],[90.177,22.438],[90.175,22.457],[90.19,22.48]]]},"properties":{"shapeName":"Jhalokati"}},
{"type":"Feature","geometry":{"type":"Polygon","coordinates":[[[88.765,23.37],[88.748,23.362],[88.735,23.337],[88.736,23.327],[88.75,23.321],[88.746,23.309],[88.727,23.3],[88.715,23.306],[88.696,23.302],[88.714,23.275],[88.724,23.272],[88.719,23.255],[88.754,23.24],[88.769,23.245],[88.779,23.222],[88.804,23.219],[88.81,23.255],[88.837,23.244],[88.845,23.231],[88.856,23.235],[88.89,23.231],[88.891,23.245],[88.907,23.246],[88.921,23.277],[88.965,23.289],[88.968,23.31],[88.961,23.329],[88.979,23.341],[89.008,23.34],[89.035,23.352],[89.017,23.363],[89.024,23.374],[89.041,23.372],[89.04,23.36],[89.067,23.36],[89.07,23.352],[89.053,23.335],[89.061,23.329],[89.065,23.313],[89.095,23.301],[89.107,23.286],[89.127,23.276],[89.143,23.276],[89.17,23.29],[89.194,23.29],[89.207,23.302],[89.204,23.31],[89.222,23.324],[89.243,23.329],[89.251,23.345],[89.251,23.361],[89.258,23.371],[89.246,23.393],[89.255,23.413],[89.271,23.429],[89.303,23.455],[89.307,23.482],[89.298,23.497],[89.307,23.518],[89.303,23.527],[89.323,23.565],[89.338,23.568],[89.348,23.614],[89.357,23.639],[89.375,23.66],[89.366,23.664],[89.322,23.703],[89.323,23.713],[89.312,23.729],[89.298,23.736],[89.282,23.737],[89.265,23.745],[89.251,23.764],[89.232,23.756],[89.216,23.76],[89.197,23.744],[89.184,23.749],[89.167,23.737],[89.158,23.722],[89.141,23.725],[89.121,23.713],[89.116,23.734],[89.097,23.728],[89.095,23.741],[89.084,23.744],[89.082,23.758],[89.052,23.762],[89.065,23.734],[89.075,23.726],[89.052,23.715],[89.038,23.692],[89.025,23.696],[89.017,23.709],[89.011,23.707],[89.006,23.669],[89.012,23.656],[89.004,23.604],[88.989,23.589],[88.988,23.571],[88.976,23.557],[88.947,23.552],[88.934,23.532],[88.947,23.512],[88.945,23.483],[88.93,23.462],[88.936,23.433],[88.934,23.413],[88.912,23.405],[88.895,23.409],[88.878,23.407],[88.875,23.392],[88.861,23.377],[88.852,23.375],[88.833,23.385],[88.828,23.377],[88.808,23.387],[88.794,23.37],[88.787,23.38],[88.765,23.37]]]},"properties":{"shapeName":"Jhenaidah"}},
{"type":"Feature","geometry":{"type":"Polygon","coordinates":[[[89.28,25.088],[89.252,25.097],[89.249,25.113],[89.231,25.144],[89.196,25.181],[89.184,25.187],[89.194,25.2],[89.195,25.217],[89.205,25.228],[89.168,25.24],[89.15,25.256],[89.14,25.247],[89.117,25.246],[89.096,25.241],[89.07,25.27],[89.051,25.265],[89.029,25.277],[89.021,25.268],[89.008,25.268],[88.987,25.275],[88.959,25.254],[88.951,25.244],[88.958,25.223],[88.955,25.207],[88.944,25.206],[88.95,25.181],[88.933,25.181],[88.923,25.165],[88.928,25.142],[88.922,25.13],[88.937,25.119],[88.942,25.098],[88.931,25.073],[88.946,25.051],[88.953,25.055],[88.986,25.049],[89.009,25.05],[89.009,25.033],[89.019,25.026],[89.008,24.999],[89.013,24.989],[89.003,24.978],[89.004,24.939],[89,24.912],[89.008,24.899],[88.991,24.879],[88.99,24.859],[89.036,24.857],[89.039,24.862],[89.068,24.871],[89.077,24.869],[89.088,24.888],[89.098,24.891],[89.085,24.934],[89.091,24.954],[89.103,24.971],[89.128,24.962],[89.122,24.95],[89.175,24.953],[89.187,24.962],[89.182,24.973],[89.192,24.984],[89.191,24.995],[89.204,25.004],[89.218,25.024],[89.232,25.02],[89.243,25.03],[89.246,25.065],[89.28,25.088]]]},"properties":{"shapeName":"Joypurhat"}},
{"type":"Feature","geometry":{"type":"Polygon","coordinates":[[[91.928,22.689],[91.963,22.691],[91.967,22.718],[91.994,22.721],[92.001,22.727],[91.996,22.743],[91.978,22.781],[91.975,22.796],[91.981,22.835],[92,22.842],[92.019,22.884],[92.037,22.884],[92.049,22.89],[92.06,22.905],[92.069,22.933],[92.118,22.959],[92.104,23.005],[92.072,23.073],[92.114,23.08],[92.136,23.095],[92.143,23.089],[92.181,23.102],[92.152,23.156],[92.138,23.193],[92.13,23.224],[92.126,23.269],[92.125,23.319],[92.049,23.365],[92.085,23.394],[92.124,23.416],[92.137,23.43],[92.123,23.529],[92.104,23.586],[92.074,23.648],[92.04,23.649],[92.03,23.658],[92.009,23.663],[92,23.671],[91.978,23.731],[91.96,23.735],[91.95,23.726],[91.951,23.695],[91.934,23.684],[91.94,23.67],[91.942,23.635],[91.954,23.61],[91.952,23.601],[91.959,23.564],[91.957,23.551],[91.965,23.535],[91.956,23.526],[91.971,23.503],[91.97,23.482],[91.958,23.48],[91.938,23.459],[91.943,23.437],[91.924,23.434],[91.9,23.441],[91.895,23.432],[91.874,23.419],[91.86,23.406],[91.845,23.405],[91.838,23.371],[91.792,23.327],[91.783,23.324],[91.762,23.303],[91.765,23.273],[91.776,23.268],[91.776,23.244],[91.785,23.234],[91.792,23.224],[91.789,23.205],[91.805,23.181],[91.806,23.158],[91.814,23.146],[91.813,23.119],[91.817,23.101],[91.83,23.092],[91.818,23.074],[91.794,23.069],[91.774,23.07],[91.784,23.037],[91.761,23.03],[91.744,23.007],[91.713,22.989],[91.717,22.97],[91.731,22.94],[91.725,22.935],[91.723,22.903],[91.716,22.887],[91.734,22.871],[91.754,22.863],[91.755,22.844],[91.775,22.795],[91.788,22.778],[91.803,22.779],[91.807,22.791],[91.818,22.793],[91.846,22.773],[91.887,22.766],[91.877,22.716],[91.883,22.697],[91.898,22.692],[91.924,22.699],[91.928,22.689]]]},"properties":{"shapeName":"Khagrachhari"}},
{"type":"Feature","geometry":{"type":"MultiPolygon","coordinates":[[[[89.34,21.696],[89.349,21.703],[89.338,21.718],[89.33,21.701],[89.34,21.696]]],[[[89.384,21.873],[89.365,21.847],[89.36,21.826],[89.349,21.804],[89.355,21.797],[89.36,21.752],[89.383,21.727],[89.395,21.722],[89.41,21.725],[89.426,21.735],[89.427,21.744],[89.454,21.765],[89.474,21.793],[89.473,21.808],[89.457,21.83],[89.45,21.847],[89.422,21.846],[89.401,21.85],[89.384,21.873]]],[[[89.336,21.79],[89.338,21.818],[89.35,21.834],[89.356,21.86],[89.365,21.876],[89.357,21.88],[89.343,21.87],[89.311,21.853],[89.309,21.843],[89.333,21.791],[89.336,21.79]]],[[[89.404,21.922],[89.382,21.922],[89.385,21.909],[89.382,21.879],[89.398,21.867],[89.405,21.849],[89.421,21.847],[89.418,21.858],[89.424,21.865],[89.446,21.869],[89.446,21.877],[89.425,21.887],[89.403,21.914],[89.404,21.922]]],[[[89.415,21.986],[89.401,21.981],[89.404,21.97],[89.4,21.963],[89.377,21.951],[89.397,21.945],[89.402,21.932],[89.41,21.929],[89.403,21.916],[89.422,21.891],[89.451,21.875],[89.446,21.867],[89.421,21.861],[89.422,21.851],[89.449,21.851],[89.468,21.858],[89.465,21.875],[89.471,21.903],[89.452,21.903],[89.445,21.916],[89.456,21.935],[89.433,21.945],[89.418,21.965],[89.415,21.986]]],[[[89.489,21.998],[89.487,22.009],[89.473,22.029],[89.471,22.046],[89.457,22.049],[89.442,22.062],[89.431,22.048],[89.439,21.992],[89.422,21.972],[89.438,21.95],[89.456,21.944],[89.462,21.93],[89.452,21.91],[89.485,21.909],[89.503,21.913],[89.509,21.928],[89.508,21.957],[89.495,21.979],[89.489,21.998]]],[[[89.39,22.056],[89.377,22.063],[89.368,22.047],[89.354,22.032],[89.356,22.005],[89.364,21.971],[89.363,21.96],[89.386,21.923],[89.393,21.944],[89.376,21.95],[89.377,21.962],[89.39,21.96],[89.402,21.969],[89.398,21.982],[89.408,21.988],[89.433,21.988],[89.427,22.027],[89.415,22.037],[89.402,22.055],[89.39,22.056]]],[[[89.496,22.03],[89.516,22.058],[89.514,22.074],[89.497,22.06],[89.48,22.052],[89.48,22.042],[89.496,22.03]]],[[[89.473,22.049],[89.513,22.078],[89.489,22.091],[89.473,22.077],[89.451,22.071],[89.444,22.064],[89.454,22.053],[89.473,22.049]]],[[[89.307,22.107],[89.277,22.113],[89.268,22.091],[89.288,22.099],[89.307,22.091],[89.307,22.077],[89.328,22.06],[89.339,22.067],[89.322,22.088],[89.318,22.105],[89.307,22.107]]],[[[89.507,22.092],[89.496,22.13],[89.484,22.143],[89.471,22.139],[89.472,22.122],[89.487,22.095],[89.507,22.092]]],[[[89.443,22.16],[89.417,22.159],[89.408,22.149],[89.408,22.127],[89.385,22.119],[89.384,22.102],[89.391,22.092],[89.389,22.077],[89.377,22.066],[89.39,22.057],[89.403,22.055],[89.411,22.05],[89.417,22.037],[89.426,22.043],[89.431,22.058],[89.449,22.075],[89.485,22.089],[89.461,22.117],[89.463,22.143],[89.443,22.16]]],[[[89.333,22.124],[89.327,22.14],[89.336,22.148],[89.332,22.182],[89.319,22.175],[89.291,22.153],[89.278,22.119],[89.281,22.115],[89.318,22.108],[89.325,22.09],[89.345,22.064],[89.329,22.056],[89.305,22.072],[89.29,22.06],[89.302,22.042],[89.33,21.987],[89.35,21.983],[89.342,22.019],[89.345,22.037],[89.363,22.053],[89.365,22.063],[89.384,22.091],[89.37,22.095],[89.349,22.113],[89.349,22.132],[89.333,22.124]]],[[[89.457,22.224],[89.457,22.246],[89.436,22.236],[89.419,22.232],[89.42,22.228],[89.419,22.225],[89.412,22.22],[89.402,22.222],[89.404,22.207],[89.418,22.183],[89.433,22.166],[89.446,22.163],[89.462,22.148],[89.472,22.165],[89.459,22.197],[89.457,22.224]]],[[[89.457,22.252],[89.479,22.273],[89.466,22.291],[89.449,22.323],[89.424,22.347],[89.425,22.324],[89.41,22.304],[89.43,22.29],[89.433,22.274],[89.419,22.256],[89.42,22.236],[89.444,22.249],[89.457,22.252]]],[[[89.749,22.964],[89.735,22.973],[89.71,22.971],[89.689,22.977],[89.67,22.976],[89.651,22.983],[89.65,22.969],[89.631,22.962],[89.617,22.964],[89.606,22.958],[89.585,22.978],[89.587,22.985],[89.568,22.991],[89.561,22.984],[89.563,22.971],[89.545,22.952],[89.523,22.943],[89.512,22.928],[89.482,22.954],[89.478,22.977],[89.456,23.01],[89.439,23.008],[89.43,22.995],[89.427,22.962],[89.406,22.957],[89.392,22.933],[89.373,22.935],[89.364,22.924],[89.341,22.92],[89.356,22.879],[89.345,22.867],[89.353,22.835],[89.329,22.827],[89.329,22.838],[89.296,22.843],[89.296,22.854],[89.267,22.851],[89.251,22.846],[89.247,22.836],[89.256,22.831],[89.246,22.816],[89.264,22.814],[89.27,22.791],[89.29,22.795],[89.299,22.772],[89.31,22.762],[89.311,22.75],[89.332,22.729],[89.32,22.714],[89.304,22.704],[89.305,22.686],[89.288,22.696],[89.268,22.701],[89.26,22.694],[89.263,22.668],[89.295,22.654],[89.302,22.647],[89.281,22.636],[89.251,22.656],[89.243,22.638],[89.257,22.626],[89.243,22.61],[89.262,22.604],[89.262,22.579],[89.241,22.567],[89.234,22.552],[89.249,22.528],[89.255,22.498],[89.284,22.475],[89.262,22.468],[89.259,22.456],[89.248,22.45],[89.241,22.437],[89.243,22.422],[89.254,22.395],[89.24,22.375],[89.248,22.37],[89.264,22.378],[89.273,22.348],[89.251,22.339],[89.276,22.31],[89.281,22.288],[89.314,22.285],[89.31,22.273],[89.293,22.253],[89.311,22.23],[89.306,22.214],[89.332,22.212],[89.334,22.198],[89.326,22.189],[89.337,22.179],[89.34,22.149],[89.355,22.132],[89.351,22.118],[89.369,22.1],[89.387,22.124],[89.405,22.129],[89.406,22.152],[89.429,22.167],[89.414,22.184],[89.402,22.209],[89.393,22.223],[89.401,22.224],[89.411,22.22],[89.413,22.225],[89.419,22.227],[89.417,22.231],[89.412,22.235],[89.409,22.241],[89.412,22.258],[89.424,22.271],[89.426,22.284],[89.412,22.294],[89.407,22.311],[89.421,22.324],[89.424,22.362],[89.439,22.386],[89.428,22.4],[89.435,22.411],[89.448,22.4],[89.448,22.379],[89.434,22.357],[89.47,22.313],[89.488,22.285],[89.495,22.266],[89.476,22.233],[89.513,22.124],[89.516,22.103],[89.533,22.088],[89.533,22.059],[89.51,22.017],[89.532,21.995],[89.542,22.01],[89.548,22.039],[89.561,22.072],[89.576,22.098],[89.584,22.123],[89.58,22.135],[89.545,22.186],[89.542,22.203],[89.548,22.214],[89.577,22.241],[89.586,22.289],[89.606,22.308],[89.624,22.342],[89.62,22.363],[89.629,22.366],[89.623,22.407],[89.596,22.45],[89.588,22.479],[89.582,22.515],[89.568,22.556],[89.536,22.599],[89.532,22.609],[89.537,22.625],[89.553,22.642],[89.549,22.661],[89.558,22.679],[89.58,22.673],[89.57,22.692],[89.603,22.703],[89.592,22.709],[89.599,22.739],[89.608,22.752],[89.611,22.774],[89.636,22.766],[89.647,22.753],[89.657,22.758],[89.666,22.795],[89.677,22.798],[89.675,22.811],[89.712,22.826],[89.718,22.849],[89.699,22.865],[89.695,22.874],[89.709,22.882],[89.721,22.903],[89.736,22.913],[89.73,22.924],[89.751,22.946],[89.749,22.964]]]]},"properties":{"shapeName":"Khulna"}},
{"type":"Feature","geometry":{"type":"Polygon","coordinates":[[[91.174,24.265],[91.193,24.28],[91.185,24.293],[91.159,24.284],[91.17,24.315],[91.179,24.322],[91.197,24.322],[91.234,24.315],[91.234,24.333],[91.215,24.358],[91.23,24.366],[91.241,24.379],[91.237,24.407],[91.215,24.409],[91.217,24.432],[91.238,24.442],[91.237,24.46],[91.228,24.481],[91.152,24.485],[91.169,24.501],[91.18,24.494],[91.191,24.501],[91.213,24.523],[91.234,24.569],[91.226,24.575],[91.206,24.577],[91.2,24.609],[91.179,24.616],[91.182,24.63],[91.195,24.631],[91.172,24.641],[91.154,24.639],[91.127,24.629],[91.135,24.622],[91.129,24.61],[91.104,24.606],[91.1,24.6],[91.074,24.619],[91.037,24.612],[91.041,24.624],[91.027,24.629],[91.018,24.603],[90.977,24.6],[90.964,24.611],[90.94,24.602],[90.928,24.616],[90.916,24.614],[90.906,24.595],[90.89,24.6],[90.88,24.592],[90.85,24.597],[90.837,24.582],[90.82,24.588],[90.815,24.561],[90.802,24.538],[90.805,24.531],[90.792,24.518],[90.794,24.508],[90.759,24.511],[90.742,24.499],[90.73,24.477],[90.704,24.501],[90.704,24.517],[90.683,24.503],[90.68,24.468],[90.636,24.476],[90.617,24.494],[90.588,24.497],[90.575,24.482],[90.579,24.459],[90.587,24.448],[90.63,24.436],[90.646,24.417],[90.632,24.358],[90.623,24.338],[90.641,24.306],[90.643,24.28],[90.649,24.258],[90.656,24.251],[90.683,24.244],[90.708,24.237],[90.733,24.238],[90.753,24.252],[90.77,24.251],[90.782,24.243],[90.783,24.227],[90.793,24.22],[90.786,24.193],[90.809,24.185],[90.82,24.173],[90.825,24.157],[90.85,24.141],[90.871,24.14],[90.864,24.125],[90.849,24.12],[90.846,24.112],[90.891,24.096],[90.906,24.078],[90.924,24.076],[90.937,24.083],[90.947,24.081],[90.955,24.066],[90.968,24.057],[90.96,24.038],[90.967,24.032],[90.986,24.031],[91.009,24.05],[91.042,24.066],[91.051,24.079],[91.054,24.093],[91.044,24.11],[91.009,24.129],[90.985,24.153],[90.992,24.165],[91.009,24.174],[91.025,24.189],[91.038,24.21],[91.065,24.216],[91.087,24.212],[91.079,24.227],[91.085,24.241],[91.131,24.243],[91.174,24.265]]]},"properties":{"shapeName":"Kishoreganj"}},
{"type":"Feature","geometry":{"type":"MultiPolygon","coordinates":[[[[89.604,26.192],[89.589,26.188],[89.589,26.176],[89.607,26.176],[89.604,26.192]]],[[[89.744,25.374],[89.78,25.388],[89.784,25.407],[89.773,25.426],[89.787,25.428],[89.799,25.42],[89.826,25.415],[89.833,25.439],[89.852,25.466],[89.85,25.494],[89.86,25.518],[89.851,25.539],[89.864,25.544],[89.873,25.569],[89.873,25.588],[89.882,25.617],[89.881,25.632],[89.871,25.663],[89.847,25.696],[89.849,25.715],[89.834,25.716],[89.827,25.73],[89.829,25.743],[89.841,25.759],[89.826,25.811],[89.817,25.818],[89.835,25.841],[89.833,25.871],[89.848,25.892],[89.879,25.924],[89.887,25.945],[89.849,25.943],[89.847,25.957],[89.867,25.983],[89.851,25.99],[89.844,26.006],[89.831,26.002],[89.836,25.983],[89.817,25.991],[89.821,26.012],[89.811,26.041],[89.783,26.045],[89.785,26.056],[89.799,26.06],[89.795,26.085],[89.782,26.087],[89.784,26.105],[89.77,26.105],[89.755,26.114],[89.765,26.125],[89.748,26.157],[89.71,26.156],[89.684,26.188],[89.68,26.21],[89.672,26.22],[89.65,26.221],[89.634,26.23],[89.639,26.2],[89.659,26.177],[89.638,26.167],[89.637,26.179],[89.613,26.178],[89.61,26.154],[89.598,26.151],[89.596,26.135],[89.604,26.126],[89.629,26.124],[89.627,26.114],[89.6,26.104],[89.615,26.095],[89.63,26.107],[89.637,26.09],[89.632,26.063],[89.598,26.044],[89.578,26.022],[89.587,25.981],[89.578,25.969],[89.541,25.97],[89.536,25.986],[89.541,26.006],[89.521,26.009],[89.509,26.002],[89.491,26.004],[89.481,25.998],[89.473,25.975],[89.482,25.962],[89.511,25.945],[89.51,25.933],[89.519,25.916],[89.529,25.915],[89.533,25.9],[89.546,25.889],[89.56,25.887],[89.552,25.862],[89.533,25.868],[89.536,25.824],[89.532,25.815],[89.507,25.805],[89.489,25.813],[89.475,25.827],[89.463,25.823],[89.459,25.786],[89.48,25.763],[89.482,25.753],[89.499,25.748],[89.498,25.73],[89.486,25.723],[89.494,25.713],[89.508,25.717],[89.52,25.68],[89.514,25.658],[89.521,25.645],[89.536,25.649],[89.549,25.627],[89.536,25.591],[89.565,25.585],[89.585,25.558],[89.617,25.569],[89.634,25.56],[89.645,25.547],[89.675,25.535],[89.691,25.538],[89.683,25.511],[89.695,25.505],[89.694,25.492],[89.678,25.493],[89.671,25.485],[89.684,25.475],[89.705,25.469],[89.706,25.46],[89.694,25.423],[89.702,25.412],[89.702,25.39],[89.74,25.397],[89.748,25.386],[89.744,25.374]]]]},"properties":{"shapeName":"Kurigram"}},
{"type":"Feature","geometry":{"type":"Polygon","coordinates":[[[89.017,23.709],[89.025,23.696],[89.038,23.692],[89.052,23.715],[89.075,23.726],[89.065,23.734],[89.052,23.762],[89.082,23.758],[89.084,23.744],[89.095,23.741],[89.097,23.728],[89.116,23.734],[89.121,23.713],[89.141,23.725],[89.158,23.722],[89.167,23.737],[89.184,23.749],[89.197,23.744],[89.216,23.76],[89.232,23.756],[89.251,23.764],[89.265,23.745],[89.282,23.737],[89.298,23.736],[89.315,23.747],[89.33,23.779],[89.33,23.804],[89.336,23.829],[89.351,23.841],[89.355,23.886],[89.312,23.874],[89.304,23.889],[89.274,23.901],[89.269,23.881],[89.259,23.885],[89.262,23.91],[89.251,23.934],[89.235,23.95],[89.237,23.973],[89.216,23.973],[89.216,23.988],[89.178,23.987],[89.179,23.962],[89.17,23.951],[89.148,23.951],[89.125,23.962],[89.099,23.96],[89.096,23.973],[89.073,23.978],[89.048,24.02],[89.031,24.071],[89.025,24.094],[89.007,24.118],[88.95,24.125],[88.938,24.132],[88.911,24.113],[88.885,24.102],[88.881,24.115],[88.861,24.112],[88.844,24.126],[88.819,24.121],[88.785,24.135],[88.757,24.162],[88.738,24.194],[88.733,24.194],[88.732,24.172],[88.746,24.147],[88.709,24.12],[88.697,24.12],[88.704,24.094],[88.717,24.103],[88.728,24.101],[88.723,24.072],[88.728,24.057],[88.74,24.046],[88.742,24.033],[88.728,23.999],[88.757,24.007],[88.769,23.984],[88.74,23.985],[88.734,23.963],[88.758,23.97],[88.768,23.957],[88.781,23.963],[88.791,23.975],[88.81,23.967],[88.816,23.928],[88.827,23.938],[88.843,23.938],[88.864,23.922],[88.873,23.909],[88.882,23.866],[88.865,23.854],[88.859,23.833],[88.873,23.834],[88.891,23.827],[88.903,23.84],[88.921,23.821],[88.91,23.785],[88.93,23.791],[88.938,23.804],[88.958,23.809],[88.976,23.799],[88.977,23.789],[89,23.782],[89.002,23.775],[88.99,23.752],[89.006,23.748],[89.007,23.723],[89.017,23.709]]]},"properties":{"shapeName":"Kushtia"}},
{"type":"Feature","geometry":{"type":"MultiPolygon","coordinates":[[[[90.932,22.497],[90.976,22.522],[90.951,22.547],[90.894,22.56],[90.932,22.497]]],[[[90.77,22.809],[90.773,22.83],[90.752,22.831],[90.77,22.809]]],[[[90.644,22.837],[90.656,22.845],[90.651,22.848],[90.644,22.837]]],[[[90.756,22.87],[90.737,22.86],[90.751,22.835],[90.766,22.843],[90.756,22.87]]],[[[90.647,22.984],[90.649,22.977],[90.669,22.965],[90.709,22.898],[90.721,22.88],[90.741,22.893],[90.76,22.871],[90.768,22.85],[90.783,22.832],[90.78,22.781],[90.796,22.747],[90.824,22.701],[90.851,22.67],[90.883,22.664],[90.92,22.637],[90.945,22.615],[90.972,22.601],[90.986,22.587],[91.017,22.568],[91.014,22.599],[91.003,22.624],[90.988,22.64],[91.001,22.666],[91.016,22.678],[91.009,22.706],[90.981,22.715],[90.981,22.754],[90.949,22.778],[90.893,22.809],[90.912,22.816],[90.927,22.814],[90.945,22.845],[90.943,22.862],[90.973,22.868],[90.986,22.877],[90.982,22.892],[90.987,22.9],[90.981,22.916],[90.989,22.925],[90.989,22.94],[90.999,22.949],[90.997,22.978],[90.966,22.979],[90.955,22.993],[90.937,22.99],[90.92,23.013],[90.898,23.012],[90.887,23.026],[90.897,23.039],[90.919,23.042],[90.901,23.062],[90.9,23.073],[90.916,23.072],[90.944,23.087],[90.941,23.101],[90.954,23.114],[90.962,23.131],[90.956,23.146],[90.935,23.144],[90.912,23.148],[90.893,23.171],[90.879,23.174],[90.849,23.166],[90.849,23.152],[90.836,23.138],[90.821,23.133],[90.817,23.124],[90.797,23.119],[90.79,23.085],[90.752,23.068],[90.749,23.059],[90.732,23.042],[90.707,23.058],[90.688,23.063],[90.662,23.05],[90.667,23.034],[90.66,23.021],[90.663,23.008],[90.647,22.984]]]]},"properties":{"shapeName":"Lakshmipur"}},
{"type":"Feature","geometry":{"type":"MultiPolygon","coordinates":[[[[89.142,26.27],[89.138,26.251],[89.154,26.237],[89.17,26.24],[89.17,26.264],[89.142,26.27]]],[[[88.928,26.335],[88.918,26.326],[88.931,26.307],[88.924,26.296],[88.942,26.287],[88.954,26.275],[88.982,26.283],[88.985,26.297],[88.961,26.295],[88.938,26.335],[88.928,26.335]]],[[[89.481,25.998],[89.462,25.998],[89.445,26.009],[89.427,26.013],[89.434,26.031],[89.426,26.044],[89.407,26.042],[89.403,26.028],[89.382,26.011],[89.357,26.008],[89.341,26.016],[89.337,26.027],[89.306,26.047],[89.279,26.049],[89.281,26.059],[89.254,26.064],[89.261,26.086],[89.227,26.123],[89.217,26.126],[89.188,26.128],[89.161,26.135],[89.151,26.149],[89.149,26.17],[89.141,26.169],[89.135,26.187],[89.149,26.21],[89.125,26.264],[89.105,26.276],[89.104,26.297],[89.125,26.291],[89.136,26.32],[89.115,26.32],[89.094,26.326],[89.1,26.337],[89.096,26.357],[89.088,26.366],[89.092,26.383],[89.087,26.398],[89.038,26.4],[89.006,26.422],[88.983,26.421],[88.975,26.45],[88.957,26.455],[88.951,26.434],[88.923,26.423],[88.927,26.407],[88.912,26.383],[88.912,26.366],[88.929,26.364],[88.966,26.35],[88.987,26.348],[88.987,26.332],[89.001,26.33],[88.985,26.301],[89,26.291],[89.017,26.289],[89.045,26.279],[89.057,26.286],[89.063,26.26],[89.052,26.256],[89.046,26.241],[89.027,26.248],[89.019,26.242],[89.022,26.228],[89.036,26.221],[89.032,26.202],[89.023,26.193],[89.035,26.181],[89.057,26.168],[89.072,26.171],[89.098,26.145],[89.102,26.121],[89.091,26.115],[89.089,26.089],[89.099,26.076],[89.091,26.061],[89.095,26.033],[89.106,26.014],[89.112,25.994],[89.142,25.964],[89.153,25.955],[89.18,25.952],[89.202,25.944],[89.212,25.927],[89.235,25.905],[89.259,25.898],[89.265,25.89],[89.282,25.896],[89.296,25.877],[89.316,25.858],[89.335,25.85],[89.335,25.837],[89.351,25.822],[89.37,25.812],[89.392,25.796],[89.424,25.794],[89.429,25.788],[89.459,25.786],[89.463,25.823],[89.475,25.827],[89.489,25.813],[89.507,25.805],[89.532,25.815],[89.536,25.824],[89.533,25.868],[89.552,25.862],[89.56,25.887],[89.546,25.889],[89.533,25.9],[89.529,25.915],[89.519,25.916],[89.51,25.933],[89.511,25.945],[89.482,25.962],[89.473,25.975],[89.481,25.998]]]]},"properties":{"shapeName":"Lalmonirhat"}},
{"type":"Feature","geometry":{"type":"Polygon","coordinates":[[[90.349,23.057],[90.34,23.071],[90.351,23.093],[90.353,23.113],[90.348,23.13],[90.329,23.138],[90.31,23.138],[90.292,23.146],[90.29,23.174],[90.283,23.198],[90.267,23.209],[90.253,23.211],[90.242,23.232],[90.242,23.247],[90.228,23.263],[90.239,23.29],[90.244,23.318],[90.228,23.332],[90.247,23.343],[90.235,23.369],[90.259,23.386],[90.222,23.399],[90.224,23.413],[90.237,23.417],[90.245,23.427],[90.271,23.427],[90.281,23.447],[90.249,23.461],[90.182,23.498],[90.153,23.466],[90.135,23.465],[90.111,23.456],[90.106,23.446],[90.111,23.433],[90.103,23.42],[90.11,23.413],[90.097,23.403],[90.097,23.38],[90.088,23.367],[90.084,23.349],[90.099,23.343],[90.092,23.326],[90.093,23.313],[90.068,23.305],[90.039,23.339],[90.033,23.333],[90.024,23.288],[90.024,23.257],[90.018,23.23],[90.003,23.228],[89.996,23.217],[89.985,23.218],[89.966,23.165],[89.944,23.157],[89.941,23.125],[89.936,23.118],[89.968,23.111],[89.984,23.111],[89.993,23.132],[90.012,23.139],[90.014,23.129],[90.044,23.121],[90.051,23.107],[90.064,23.12],[90.079,23.113],[90.119,23.111],[90.11,23.103],[90.108,23.077],[90.115,23.034],[90.126,23.027],[90.135,23.05],[90.155,23.053],[90.158,23.063],[90.173,23.066],[90.195,23.055],[90.214,23.07],[90.238,23.037],[90.233,23.018],[90.234,23.002],[90.23,22.979],[90.259,22.972],[90.291,22.973],[90.32,22.981],[90.328,22.997],[90.327,23.018],[90.314,23.037],[90.316,23.053],[90.33,23.058],[90.349,23.057]]]},"properties":{"shapeName":"Madaripur"}},
{"type":"Feature","geometry":{"type":"Polygon","coordinates":[[[89.497,23.579],[89.484,23.593],[89.471,23.597],[89.482,23.62],[89.47,23.635],[89.442,23.639],[89.44,23.659],[89.416,23.674],[89.411,23.682],[89.386,23.677],[89.366,23.664],[89.375,23.66],[89.357,23.639],[89.348,23.614],[89.338,23.568],[89.323,23.565],[89.303,23.527],[89.307,23.518],[89.298,23.497],[89.307,23.482],[89.303,23.455],[89.271,23.429],[89.255,23.413],[89.246,23.393],[89.258,23.371],[89.277,23.365],[89.288,23.336],[89.301,23.33],[89.308,23.318],[89.319,23.324],[89.326,23.298],[89.337,23.304],[89.349,23.285],[89.358,23.295],[89.397,23.28],[89.426,23.259],[89.448,23.258],[89.463,23.268],[89.464,23.284],[89.477,23.295],[89.497,23.295],[89.524,23.278],[89.534,23.303],[89.556,23.309],[89.56,23.32],[89.603,23.321],[89.618,23.304],[89.621,23.31],[89.604,23.338],[89.608,23.37],[89.617,23.394],[89.609,23.412],[89.608,23.467],[89.601,23.479],[89.572,23.498],[89.527,23.513],[89.508,23.506],[89.508,23.478],[89.49,23.482],[89.49,23.501],[89.501,23.521],[89.538,23.536],[89.523,23.551],[89.499,23.558],[89.497,23.579]]]},"properties":{"shapeName":"Magura"}},
{"type":"Feature","geometry":{"type":"Polygon","coordinates":[[[90.008,24.011],[89.992,24.002],[89.979,24.034],[89.969,24.03],[89.967,24.015],[89.947,24.026],[89.934,24.006],[89.917,23.999],[89.905,23.988],[89.894,23.986],[89.882,23.97],[89.87,23.984],[89.863,23.966],[89.819,23.982],[89.765,23.98],[89.786,24.011],[89.785,24.035],[89.775,24.027],[89.746,24.023],[89.722,24.014],[89.698,23.996],[89.691,23.976],[89.693,23.943],[89.685,23.926],[89.695,23.924],[89.702,23.896],[89.698,23.885],[89.712,23.859],[89.733,23.835],[89.771,23.833],[89.777,23.803],[89.811,23.773],[89.816,23.764],[89.836,23.751],[89.84,23.742],[89.865,23.719],[89.898,23.674],[89.921,23.668],[89.938,23.654],[89.994,23.641],[90.008,23.635],[90.018,23.652],[90.02,23.673],[90.038,23.685],[90.04,23.705],[90.05,23.712],[90.051,23.726],[90.066,23.725],[90.081,23.717],[90.084,23.73],[90.101,23.73],[90.116,23.718],[90.124,23.735],[90.137,23.745],[90.154,23.748],[90.16,23.726],[90.176,23.726],[90.19,23.721],[90.204,23.725],[90.225,23.709],[90.254,23.722],[90.219,23.748],[90.226,23.764],[90.242,23.784],[90.247,23.807],[90.24,23.832],[90.219,23.84],[90.197,23.83],[90.185,23.819],[90.172,23.828],[90.151,23.834],[90.145,23.847],[90.122,23.873],[90.108,23.896],[90.094,23.901],[90.085,23.911],[90.072,23.905],[90.067,23.917],[90.068,23.94],[90.06,23.958],[90.046,23.963],[90.039,23.983],[90.048,23.988],[90.044,24.004],[90.008,24.011]]]},"properties":{"shapeName":"Manikganj"}},
{"type":"Feature","geometry":{"type":"Polygon","coordinates":[[[91.645,24.174],[91.657,24.18],[91.658,24.195],[91.648,24.219],[91.668,24.229],[91.667,24.212],[91.68,24.193],[91.685,24.166],[91.721,24.153],[91.728,24.143],[91.76,24.142],[91.745,24.247],[91.789,24.221],[91.81,24.217],[91.821,24.209],[91.843,24.223],[91.852,24.213],[91.844,24.2],[91.848,24.185],[91.861,24.183],[91.875,24.171],[91.879,24.147],[91.89,24.137],[91.906,24.139],[91.914,24.156],[91.911,24.168],[91.941,24.268],[91.92,24.338],[91.94,24.343],[91.958,24.356],[91.97,24.345],[91.983,24.323],[91.996,24.322],[91.997,24.337],[91.978,24.358],[91.97,24.385],[91.988,24.379],[91.999,24.392],[92.01,24.382],[92.045,24.375],[92.097,24.374],[92.116,24.381],[92.132,24.407],[92.137,24.425],[92.163,24.419],[92.167,24.435],[92.153,24.482],[92.155,24.518],[92.166,24.532],[92.188,24.521],[92.213,24.504],[92.231,24.53],[92.233,24.582],[92.249,24.641],[92.247,24.655],[92.265,24.691],[92.296,24.737],[92.281,24.742],[92.289,24.761],[92.28,24.766],[92.288,24.788],[92.273,24.799],[92.276,24.816],[92.269,24.83],[92.251,24.836],[92.244,24.82],[92.213,24.813],[92.211,24.805],[92.193,24.798],[92.198,24.778],[92.192,24.768],[92.17,24.772],[92.127,24.76],[92.106,24.757],[92.08,24.766],[92.084,24.748],[92.08,24.724],[92.063,24.719],[92.049,24.697],[92.039,24.706],[92.029,24.653],[91.996,24.655],[91.974,24.639],[91.934,24.655],[91.91,24.656],[91.888,24.647],[91.885,24.657],[91.866,24.657],[91.848,24.645],[91.836,24.653],[91.824,24.652],[91.8,24.637],[91.795,24.646],[91.779,24.638],[91.781,24.627],[91.754,24.608],[91.749,24.598],[91.727,24.593],[91.683,24.608],[91.675,24.631],[91.661,24.626],[91.668,24.607],[91.654,24.597],[91.631,24.595],[91.63,24.576],[91.641,24.556],[91.654,24.548],[91.64,24.536],[91.635,24.52],[91.615,24.504],[91.61,24.48],[91.614,24.463],[91.607,24.442],[91.618,24.44],[91.62,24.416],[91.603,24.417],[91.603,24.365],[91.619,24.362],[91.63,24.344],[91.632,24.312],[91.614,24.287],[91.614,24.253],[91.626,24.211],[91.641,24.188],[91.645,24.174]]]},"properties":{"shapeName":"Maulvibazar"}},
{"type":"Feature","geometry":{"type":"Polygon","coordinates":[[[88.859,23.833],[88.865,23.854],[88.882,23.866],[88.873,23.909],[88.864,23.922],[88.843,23.938],[88.827,23.938],[88.816,23.928],[88.81,23.967],[88.791,23.975],[88.781,23.963],[88.768,23.957],[88.758,23.97],[88.734,23.963],[88.74,23.937],[88.735,23.915],[88.708,23.916],[88.688,23.902],[88.684,23.89],[88.664,23.882],[88.668,23.87],[88.613,23.876],[88.606,23.863],[88.587,23.872],[88.59,23.854],[88.586,23.833],[88.601,23.814],[88.593,23.8],[88.573,23.784],[88.581,23.765],[88.568,23.715],[88.568,23.686],[88.574,23.667],[88.558,23.649],[88.562,23.637],[88.594,23.641],[88.593,23.622],[88.58,23.603],[88.601,23.607],[88.621,23.603],[88.638,23.61],[88.643,23.631],[88.654,23.647],[88.68,23.648],[88.687,23.66],[88.738,23.684],[88.747,23.695],[88.774,23.7],[88.784,23.717],[88.781,23.738],[88.789,23.766],[88.819,23.773],[88.825,23.797],[88.834,23.816],[88.859,23.833]]]},"properties":{"shapeName":"Meherpur"}},
{"type":"Feature","geometry":{"type":"Polygon","coordinates":[[[90.688,23.492],[90.701,23.498],[90.711,23.515],[90.701,23.525],[90.687,23.557],[90.667,23.572],[90.647,23.576],[90.647,23.588],[90.667,23.589],[90.653,23.62],[90.63,23.621],[90.614,23.603],[90.6,23.598],[90.574,23.597],[90.558,23.58],[90.58,23.538],[90.565,23.534],[90.545,23.561],[90.509,23.574],[90.475,23.566],[90.461,23.554],[90.448,23.551],[90.429,23.567],[90.442,23.586],[90.43,23.609],[90.392,23.648],[90.368,23.653],[90.347,23.637],[90.328,23.644],[90.286,23.674],[90.274,23.662],[90.247,23.65],[90.247,23.633],[90.226,23.614],[90.226,23.602],[90.209,23.589],[90.203,23.564],[90.185,23.562],[90.177,23.552],[90.182,23.54],[90.171,23.527],[90.158,23.522],[90.182,23.498],[90.249,23.461],[90.281,23.447],[90.299,23.451],[90.321,23.438],[90.361,23.43],[90.411,23.404],[90.431,23.407],[90.431,23.416],[90.47,23.411],[90.498,23.404],[90.539,23.379],[90.546,23.406],[90.57,23.437],[90.578,23.452],[90.578,23.471],[90.584,23.48],[90.576,23.496],[90.601,23.498],[90.613,23.49],[90.632,23.502],[90.647,23.502],[90.662,23.494],[90.688,23.492]]]},"properties":{"shapeName":"Munshiganj"}},
{"type":"Feature","geometry":{"type":"Polygon","coordinates":[[[90.649,24.258],[90.643,24.28],[90.641,24.306],[90.623,24.338],[90.632,24.358],[90.646,24.417],[90.63,24.436],[90.587,24.448],[90.579,24.459],[90.575,24.482],[90.588,24.497],[90.617,24.494],[90.636,24.476],[90.68,24.468],[90.683,24.503],[90.704,24.517],[90.704,24.501],[90.73,24.477],[90.742,24.499],[90.759,24.511],[90.794,24.508],[90.792,24.518],[90.805,24.531],[90.802,24.538],[90.815,24.561],[90.82,24.588],[90.797,24.576],[90.793,24.607],[90.757,24.61],[90.758,24.638],[90.744,24.638],[90.741,24.649],[90.722,24.649],[90.701,24.676],[90.709,24.693],[90.696,24.7],[90.709,24.73],[90.724,24.731],[90.715,24.753],[90.696,24.757],[90.722,24.772],[90.711,24.798],[90.695,24.803],[90.677,24.801],[90.649,24.791],[90.639,24.799],[90.625,24.795],[90.608,24.814],[90.566,24.811],[90.588,24.842],[90.57,24.843],[90.568,24.886],[90.54,24.886],[90.534,24.896],[90.541,24.907],[90.534,24.927],[90.539,24.937],[90.531,24.946],[90.518,24.946],[90.513,24.978],[90.502,25.002],[90.504,25.032],[90.525,25.029],[90.543,25.013],[90.55,25.042],[90.57,25.037],[90.586,25.027],[90.607,25.029],[90.603,25.043],[90.611,25.052],[90.608,25.067],[90.593,25.074],[90.589,25.084],[90.6,25.094],[90.601,25.115],[90.611,25.13],[90.606,25.142],[90.615,25.156],[90.614,25.174],[90.598,25.177],[90.577,25.172],[90.551,25.175],[90.499,25.169],[90.486,25.161],[90.451,25.152],[90.441,25.145],[90.407,25.159],[90.371,25.163],[90.33,25.194],[90.31,25.189],[90.268,25.199],[90.264,25.196],[90.26,25.163],[90.269,25.148],[90.264,25.124],[90.263,25.098],[90.277,25.094],[90.287,25.083],[90.285,25.064],[90.278,25.056],[90.261,25.054],[90.256,25.065],[90.232,25.042],[90.241,25.009],[90.229,24.967],[90.255,24.957],[90.255,24.946],[90.236,24.948],[90.235,24.934],[90.245,24.928],[90.239,24.892],[90.222,24.881],[90.195,24.885],[90.196,24.86],[90.188,24.852],[90.184,24.83],[90.172,24.828],[90.159,24.812],[90.16,24.797],[90.141,24.788],[90.125,24.789],[90.103,24.783],[90.087,24.79],[90.076,24.788],[90.092,24.768],[90.09,24.737],[90.128,24.738],[90.127,24.719],[90.14,24.681],[90.142,24.655],[90.148,24.651],[90.144,24.624],[90.13,24.618],[90.125,24.596],[90.133,24.589],[90.161,24.537],[90.175,24.518],[90.208,24.51],[90.227,24.484],[90.244,24.481],[90.212,24.462],[90.221,24.434],[90.231,24.419],[90.249,24.415],[90.23,24.349],[90.234,24.337],[90.247,24.329],[90.265,24.289],[90.281,24.287],[90.29,24.278],[90.324,24.299],[90.359,24.291],[90.365,24.281],[90.382,24.288],[90.404,24.284],[90.421,24.308],[90.437,24.339],[90.456,24.34],[90.489,24.314],[90.512,24.312],[90.529,24.303],[90.521,24.29],[90.547,24.273],[90.554,24.259],[90.577,24.246],[90.603,24.263],[90.622,24.269],[90.649,24.258]]]},"properties":{"shapeName":"Mymensingh"}},
{"type":"Feature","geometry":{"type":"Polygon","coordinates":[[[88.99,24.859],[88.991,24.879],[89.008,24.899],[89,24.912],[89.004,24.939],[89.003,24.978],[89.013,24.989],[89.008,24.999],[89.019,25.026],[89.009,25.033],[89.009,25.05],[88.986,25.049],[88.953,25.055],[88.946,25.051],[88.931,25.073],[88.942,25.098],[88.937,25.119],[88.922,25.13],[88.928,25.142],[88.923,25.165],[88.911,25.18],[88.876,25.179],[88.865,25.201],[88.83,25.205],[88.827,25.193],[88.815,25.185],[88.813,25.174],[88.798,25.171],[88.759,25.186],[88.735,25.185],[88.733,25.2],[88.715,25.207],[88.68,25.209],[88.673,25.199],[88.643,25.206],[88.619,25.205],[88.58,25.177],[88.556,25.179],[88.56,25.191],[88.548,25.195],[88.501,25.203],[88.48,25.212],[88.463,25.195],[88.447,25.198],[88.442,25.186],[88.459,25.161],[88.458,25.135],[88.441,25.128],[88.447,25.108],[88.444,25.101],[88.451,25.075],[88.435,25.055],[88.438,25.043],[88.453,25.037],[88.439,25.018],[88.436,25.006],[88.422,25.007],[88.412,24.985],[88.395,24.965],[88.42,24.966],[88.434,24.961],[88.432,24.929],[88.451,24.916],[88.458,24.932],[88.471,24.938],[88.493,24.925],[88.494,24.908],[88.485,24.903],[88.491,24.88],[88.476,24.862],[88.448,24.858],[88.437,24.84],[88.424,24.848],[88.406,24.845],[88.413,24.824],[88.431,24.818],[88.441,24.805],[88.43,24.794],[88.434,24.777],[88.453,24.777],[88.473,24.763],[88.479,24.773],[88.495,24.772],[88.493,24.752],[88.475,24.759],[88.458,24.759],[88.474,24.735],[88.494,24.739],[88.51,24.732],[88.506,24.719],[88.548,24.701],[88.568,24.705],[88.576,24.696],[88.571,24.681],[88.589,24.684],[88.594,24.698],[88.61,24.704],[88.625,24.695],[88.63,24.652],[88.624,24.645],[88.633,24.621],[88.64,24.617],[88.683,24.637],[88.705,24.628],[88.703,24.663],[88.72,24.668],[88.735,24.664],[88.743,24.683],[88.757,24.671],[88.768,24.668],[88.802,24.686],[88.815,24.671],[88.811,24.658],[88.823,24.653],[88.833,24.659],[88.86,24.657],[88.875,24.637],[88.91,24.643],[88.911,24.633],[88.924,24.618],[88.927,24.598],[88.934,24.589],[88.955,24.579],[88.963,24.584],[88.973,24.584],[89.009,24.566],[89.015,24.55],[89.029,24.557],[89.035,24.545],[89.05,24.536],[89.079,24.533],[89.085,24.545],[89.104,24.562],[89.104,24.587],[89.095,24.595],[89.099,24.607],[89.098,24.638],[89.112,24.641],[89.136,24.656],[89.133,24.671],[89.138,24.684],[89.132,24.7],[89.145,24.714],[89.151,24.738],[89.124,24.731],[89.121,24.715],[89.107,24.715],[89.097,24.735],[89.087,24.739],[89.09,24.754],[89.082,24.764],[89.089,24.782],[89.072,24.782],[89.045,24.789],[89.038,24.781],[89.021,24.78],[89.011,24.765],[88.997,24.766],[88.989,24.743],[88.973,24.739],[88.964,24.743],[88.966,24.764],[88.975,24.773],[88.977,24.803],[88.97,24.823],[88.981,24.824],[88.974,24.849],[88.99,24.859]]]},"properties":{"shapeName":"Naogaon"}},
{"type":"Feature","geometry":{"type":"Polygon","coordinates":[[[89.801,22.941],[89.806,22.956],[89.801,22.972],[89.792,22.98],[89.797,22.996],[89.769,23.005],[89.758,23.014],[89.755,23.032],[89.745,23.05],[89.73,23.053],[89.733,23.076],[89.691,23.099],[89.673,23.123],[89.677,23.133],[89.695,23.128],[89.7,23.115],[89.714,23.116],[89.739,23.13],[89.742,23.14],[89.73,23.158],[89.739,23.173],[89.761,23.175],[89.757,23.187],[89.733,23.186],[89.714,23.178],[89.696,23.162],[89.68,23.18],[89.681,23.198],[89.688,23.21],[89.686,23.227],[89.668,23.245],[89.642,23.232],[89.633,23.238],[89.637,23.262],[89.666,23.283],[89.649,23.29],[89.634,23.289],[89.618,23.304],[89.603,23.321],[89.56,23.32],[89.556,23.309],[89.534,23.303],[89.524,23.278],[89.497,23.295],[89.477,23.295],[89.464,23.284],[89.463,23.268],[89.448,23.258],[89.426,23.259],[89.426,23.239],[89.419,23.231],[89.422,23.181],[89.412,23.168],[89.409,23.153],[89.378,23.136],[89.39,23.105],[89.385,23.087],[89.395,23.081],[89.417,23.083],[89.439,23.112],[89.444,23.091],[89.44,23.074],[89.444,23.055],[89.468,23.032],[89.491,23.037],[89.505,23.029],[89.51,23.016],[89.53,23.007],[89.537,22.984],[89.552,22.977],[89.561,22.984],[89.568,22.991],[89.587,22.985],[89.585,22.978],[89.606,22.958],[89.617,22.964],[89.631,22.962],[89.65,22.969],[89.651,22.983],[89.67,22.976],[89.689,22.977],[89.71,22.971],[89.735,22.973],[89.749,22.964],[89.761,22.965],[89.768,22.978],[89.78,22.983],[89.786,22.962],[89.801,22.941]]]},"properties":{"shapeName":"Narail"}},
{"type":"Feature","geometry":{"type":"Polygon","coordinates":[[[90.735,23.763],[90.732,23.774],[90.741,23.788],[90.715,23.799],[90.709,23.813],[90.693,23.821],[90.685,23.814],[90.69,23.798],[90.67,23.794],[90.664,23.802],[90.648,23.801],[90.637,23.824],[90.645,23.836],[90.651,23.862],[90.633,23.868],[90.623,23.86],[90.622,23.845],[90.611,23.833],[90.596,23.854],[90.608,23.863],[90.613,23.88],[90.6,23.888],[90.571,23.895],[90.554,23.886],[90.517,23.888],[90.521,23.877],[90.506,23.87],[90.503,23.859],[90.483,23.847],[90.471,23.847],[90.487,23.826],[90.48,23.792],[90.471,23.784],[90.482,23.773],[90.49,23.736],[90.502,23.718],[90.499,23.705],[90.462,23.684],[90.448,23.665],[90.471,23.639],[90.47,23.629],[90.447,23.624],[90.43,23.609],[90.442,23.586],[90.429,23.567],[90.448,23.551],[90.461,23.554],[90.475,23.566],[90.509,23.574],[90.545,23.561],[90.565,23.534],[90.58,23.538],[90.558,23.58],[90.574,23.597],[90.6,23.598],[90.614,23.603],[90.63,23.621],[90.638,23.65],[90.638,23.669],[90.657,23.672],[90.675,23.68],[90.698,23.666],[90.73,23.664],[90.741,23.693],[90.739,23.703],[90.723,23.726],[90.724,23.747],[90.735,23.763]]]},"properties":{"shapeName":"Narayanganj"}},
{"type":"Feature","geometry":{"type":"Polygon","coordinates":[[[90.986,24.031],[90.967,24.032],[90.96,24.038],[90.968,24.057],[90.955,24.066],[90.947,24.081],[90.937,24.083],[90.924,24.076],[90.906,24.078],[90.891,24.096],[90.846,24.112],[90.849,24.12],[90.864,24.125],[90.871,24.14],[90.85,24.141],[90.825,24.157],[90.82,24.173],[90.809,24.185],[90.786,24.193],[90.793,24.22],[90.783,24.227],[90.782,24.243],[90.77,24.251],[90.753,24.252],[90.733,24.238],[90.708,24.237],[90.683,24.244],[90.685,24.234],[90.673,24.223],[90.672,24.205],[90.686,24.19],[90.685,24.167],[90.688,24.145],[90.695,24.141],[90.676,24.118],[90.695,24.117],[90.7,24.101],[90.668,24.1],[90.657,24.092],[90.639,24.098],[90.641,24.076],[90.635,24.071],[90.657,24.025],[90.657,24.011],[90.641,24.006],[90.63,23.98],[90.618,23.967],[90.617,23.94],[90.608,23.922],[90.592,23.914],[90.577,23.917],[90.56,23.911],[90.571,23.895],[90.6,23.888],[90.613,23.88],[90.608,23.863],[90.596,23.854],[90.611,23.833],[90.622,23.845],[90.623,23.86],[90.633,23.868],[90.651,23.862],[90.645,23.836],[90.637,23.824],[90.648,23.801],[90.664,23.802],[90.67,23.794],[90.69,23.798],[90.685,23.814],[90.693,23.821],[90.709,23.813],[90.715,23.799],[90.741,23.788],[90.732,23.774],[90.735,23.763],[90.766,23.802],[90.768,23.82],[90.759,23.85],[90.767,23.864],[90.781,23.866],[90.834,23.863],[90.858,23.879],[90.898,23.863],[90.909,23.868],[90.92,23.883],[90.93,23.91],[90.951,23.929],[90.953,23.954],[90.972,23.968],[90.974,23.981],[90.966,24.006],[90.986,24.031]]]},"properties":{"shapeName":"Narsingdi"}},
{"type":"Feature","geometry":{"type":"Polygon","coordinates":[[[89.138,24.684],[89.133,24.671],[89.136,24.656],[89.112,24.641],[89.098,24.638],[89.099,24.607],[89.095,24.595],[89.104,24.587],[89.104,24.562],[89.085,24.545],[89.079,24.533],[89.05,24.536],[89.035,24.545],[89.029,24.557],[89.015,24.55],[89.009,24.566],[88.973,24.584],[88.963,24.584],[88.963,24.549],[88.936,24.536],[88.924,24.544],[88.897,24.535],[88.899,24.511],[88.924,24.517],[88.893,24.475],[88.9,24.464],[88.897,24.44],[88.902,24.408],[88.89,24.383],[88.892,24.365],[88.862,24.363],[88.848,24.342],[88.847,24.319],[88.866,24.311],[88.886,24.294],[88.903,24.29],[88.9,24.271],[88.915,24.255],[88.915,24.241],[88.899,24.23],[88.872,24.227],[88.876,24.201],[88.869,24.175],[88.876,24.165],[88.895,24.158],[88.883,24.13],[88.872,24.13],[88.861,24.112],[88.881,24.115],[88.885,24.102],[88.911,24.113],[88.938,24.132],[88.95,24.125],[89.007,24.118],[89.012,24.144],[88.998,24.157],[89.032,24.166],[89.034,24.148],[89.052,24.141],[89.068,24.15],[89.095,24.157],[89.11,24.165],[89.139,24.168],[89.156,24.173],[89.175,24.201],[89.189,24.198],[89.215,24.212],[89.232,24.245],[89.242,24.276],[89.255,24.273],[89.277,24.305],[89.286,24.305],[89.287,24.331],[89.31,24.335],[89.319,24.353],[89.294,24.365],[89.284,24.403],[89.285,24.42],[89.266,24.428],[89.257,24.439],[89.275,24.449],[89.284,24.462],[89.283,24.48],[89.316,24.515],[89.33,24.535],[89.339,24.559],[89.327,24.576],[89.329,24.599],[89.308,24.598],[89.307,24.614],[89.286,24.627],[89.258,24.626],[89.254,24.606],[89.244,24.602],[89.231,24.583],[89.217,24.593],[89.216,24.613],[89.205,24.61],[89.189,24.652],[89.171,24.635],[89.173,24.623],[89.154,24.619],[89.146,24.623],[89.136,24.644],[89.136,24.656],[89.167,24.672],[89.162,24.686],[89.138,24.684]]]},"properties":{"shapeName":"Natore"}},
{"type":"Feature","geometry":{"type":"Polygon","coordinates":[[[88.395,24.965],[88.4,24.955],[88.395,24.942],[88.383,24.939],[88.36,24.95],[88.34,24.94],[88.324,24.918],[88.328,24.904],[88.347,24.893],[88.333,24.871],[88.321,24.876],[88.305,24.872],[88.294,24.889],[88.265,24.893],[88.264,24.915],[88.259,24.926],[88.24,24.941],[88.225,24.96],[88.17,24.95],[88.157,24.934],[88.138,24.936],[88.14,24.914],[88.165,24.896],[88.153,24.885],[88.166,24.863],[88.164,24.85],[88.147,24.85],[88.133,24.824],[88.115,24.817],[88.105,24.8],[88.106,24.78],[88.089,24.783],[88.066,24.751],[88.072,24.744],[88.063,24.722],[88.039,24.702],[88.009,24.668],[88.028,24.65],[88.039,24.645],[88.069,24.603],[88.089,24.567],[88.106,24.546],[88.15,24.504],[88.167,24.498],[88.185,24.482],[88.191,24.469],[88.204,24.459],[88.263,24.446],[88.276,24.438],[88.292,24.416],[88.331,24.448],[88.315,24.461],[88.304,24.494],[88.31,24.506],[88.31,24.536],[88.302,24.558],[88.306,24.57],[88.318,24.569],[88.332,24.586],[88.345,24.586],[88.375,24.603],[88.391,24.6],[88.41,24.609],[88.427,24.633],[88.435,24.666],[88.449,24.662],[88.486,24.659],[88.455,24.678],[88.49,24.69],[88.488,24.707],[88.506,24.719],[88.51,24.732],[88.494,24.739],[88.474,24.735],[88.458,24.759],[88.475,24.759],[88.493,24.752],[88.495,24.772],[88.479,24.773],[88.473,24.763],[88.453,24.777],[88.434,24.777],[88.43,24.794],[88.441,24.805],[88.431,24.818],[88.413,24.824],[88.406,24.845],[88.424,24.848],[88.437,24.84],[88.448,24.858],[88.476,24.862],[88.491,24.88],[88.485,24.903],[88.494,24.908],[88.493,24.925],[88.471,24.938],[88.458,24.932],[88.451,24.916],[88.432,24.929],[88.434,24.961],[88.42,24.966],[88.395,24.965]]]},"properties":{"shapeName":"Nawabganj"}},
{"type":"Feature","geometry":{"type":"Polygon","coordinates":[[[91.195,24.631],[91.205,24.633],[91.208,24.651],[91.23,24.655],[91.241,24.692],[91.222,24.699],[91.212,24.713],[91.198,24.711],[91.181,24.724],[91.148,24.725],[91.154,24.741],[91.15,24.754],[91.135,24.757],[91.171,24.78],[91.161,24.793],[91.173,24.813],[91.171,24.827],[91.153,24.837],[91.143,24.825],[91.153,24.811],[91.132,24.793],[91.117,24.806],[91.113,24.817],[91.121,24.838],[91.109,24.861],[91.109,24.871],[91.096,24.888],[91.075,24.901],[91.051,24.902],[91.031,24.892],[91.015,24.889],[90.998,24.892],[90.996,24.908],[90.98,24.917],[90.964,24.911],[90.953,24.919],[90.955,24.94],[90.971,24.949],[90.973,24.96],[90.96,24.973],[90.948,24.971],[90.941,24.985],[90.947,25.005],[90.936,25.009],[90.938,25.028],[90.952,25.042],[90.933,25.045],[90.93,25.064],[90.934,25.081],[90.945,25.081],[90.957,25.07],[90.971,25.071],[90.965,25.097],[90.948,25.113],[90.956,25.12],[90.949,25.138],[90.97,25.161],[90.965,25.172],[90.928,25.162],[90.904,25.162],[90.884,25.166],[90.855,25.158],[90.805,25.166],[90.795,25.181],[90.769,25.183],[90.759,25.168],[90.738,25.158],[90.708,25.167],[90.699,25.157],[90.673,25.172],[90.665,25.185],[90.653,25.189],[90.627,25.173],[90.614,25.174],[90.615,25.156],[90.606,25.142],[90.611,25.13],[90.601,25.115],[90.6,25.094],[90.589,25.084],[90.593,25.074],[90.608,25.067],[90.611,25.052],[90.603,25.043],[90.607,25.029],[90.586,25.027],[90.57,25.037],[90.55,25.042],[90.543,25.013],[90.525,25.029],[90.504,25.032],[90.502,25.002],[90.513,24.978],[90.518,24.946],[90.531,24.946],[90.539,24.937],[90.534,24.927],[90.541,24.907],[90.534,24.896],[90.54,24.886],[90.568,24.886],[90.57,24.843],[90.588,24.842],[90.566,24.811],[90.608,24.814],[90.625,24.795],[90.639,24.799],[90.649,24.791],[90.677,24.801],[90.695,24.803],[90.711,24.798],[90.722,24.772],[90.696,24.757],[90.715,24.753],[90.724,24.731],[90.709,24.73],[90.696,24.7],[90.709,24.693],[90.701,24.676],[90.722,24.649],[90.741,24.649],[90.744,24.638],[90.758,24.638],[90.757,24.61],[90.793,24.607],[90.797,24.576],[90.82,24.588],[90.837,24.582],[90.85,24.597],[90.88,24.592],[90.89,24.6],[90.906,24.595],[90.916,24.614],[90.928,24.616],[90.94,24.602],[90.964,24.611],[90.977,24.6],[91.018,24.603],[91.027,24.629],[91.041,24.624],[91.037,24.612],[91.074,24.619],[91.1,24.6],[91.104,24.606],[91.129,24.61],[91.135,24.622],[91.127,24.629],[91.154,24.639],[91.172,24.641],[91.195,24.631]]]},"properties":{"shapeName":"Netrakona"}},
{"type":"Feature","geometry":{"type":"Polygon","coordinates":[[[88.941,25.734],[88.954,25.746],[88.944,25.761],[88.945,25.775],[88.962,25.784],[88.952,25.803],[88.957,25.814],[88.973,25.807],[89.013,25.819],[89.045,25.816],[89.062,25.834],[89.089,25.831],[89.089,25.848],[89.103,25.875],[89.115,25.882],[89.098,25.906],[89.103,25.911],[89.102,25.939],[89.109,25.959],[89.142,25.964],[89.112,25.994],[89.106,26.014],[89.095,26.033],[89.091,26.061],[89.099,26.076],[89.089,26.089],[89.091,26.115],[89.102,26.121],[89.098,26.145],[89.072,26.171],[89.057,26.168],[89.035,26.181],[89.023,26.193],[89.032,26.202],[89.036,26.221],[89.022,26.228],[89.019,26.242],[88.98,26.245],[88.965,26.239],[88.953,26.242],[88.926,26.284],[88.918,26.288],[88.876,26.287],[88.861,26.273],[88.861,26.252],[88.872,26.234],[88.838,26.232],[88.828,26.24],[88.823,26.253],[88.813,26.257],[88.81,26.274],[88.819,26.295],[88.793,26.31],[88.764,26.299],[88.759,26.304],[88.766,26.285],[88.758,26.262],[88.763,26.236],[88.773,26.239],[88.79,26.23],[88.798,26.203],[88.794,26.189],[88.782,26.181],[88.779,26.166],[88.786,26.148],[88.784,26.133],[88.789,26.123],[88.775,26.106],[88.767,26.088],[88.779,26.064],[88.762,26.042],[88.759,26.025],[88.744,26.024],[88.735,26.015],[88.738,25.997],[88.748,25.975],[88.744,25.967],[88.751,25.947],[88.76,25.939],[88.779,25.935],[88.801,25.922],[88.803,25.897],[88.813,25.883],[88.826,25.856],[88.823,25.839],[88.828,25.813],[88.843,25.812],[88.856,25.777],[88.867,25.771],[88.886,25.772],[88.898,25.735],[88.941,25.734]]]},"properties":{"shapeName":"Nilphamari"}},
{"type":"Feature","geometry":{"type":"MultiPolygon","coordinates":[[[[91.083,22.054],[91.069,22.063],[91.057,22.051],[91.066,22.037],[91.083,22.054]]],[[[91.031,22.084],[91.009,22.098],[90.999,22.1],[90.982,22.086],[90.973,22.072],[90.973,22.05],[90.979,22.03],[90.996,22.025],[91.022,22.044],[91.035,22.043],[91.048,22.072],[91.041,22.084],[91.031,22.084]]],[[[91.015,22.243],[91.029,22.272],[91.035,22.305],[91.035,22.324],[91.019,22.332],[91.024,22.316],[91.019,22.293],[91.014,22.27],[91.015,22.243]]],[[[91.036,22.338],[91.054,22.351],[91.038,22.373],[91.02,22.351],[91.036,22.338]]],[[[91.141,22.373],[91.133,22.382],[91.099,22.394],[91.07,22.406],[91.075,22.363],[91.06,22.347],[91.066,22.33],[91.07,22.301],[91.069,22.246],[91.054,22.191],[91.032,22.147],[91.006,22.12],[91.006,22.108],[91.019,22.098],[91.05,22.086],[91.058,22.079],[91.082,22.095],[91.108,22.122],[91.122,22.131],[91.134,22.131],[91.137,22.146],[91.154,22.157],[91.166,22.171],[91.173,22.203],[91.188,22.233],[91.19,22.282],[91.184,22.297],[91.19,22.327],[91.186,22.359],[91.175,22.384],[91.141,22.373]]],[[[90.99,22.391],[90.983,22.414],[90.972,22.421],[90.99,22.391]]],[[[91.256,22.41],[91.266,22.423],[91.259,22.435],[91.246,22.425],[91.256,22.41]]],[[[91.013,22.36],[91.03,22.377],[91.035,22.404],[91.043,22.415],[91.045,22.438],[91.037,22.448],[91.005,22.463],[90.987,22.453],[90.988,22.432],[91.004,22.371],[91.013,22.36]]],[[[90.968,22.428],[90.969,22.452],[90.978,22.464],[90.962,22.471],[90.951,22.465],[90.968,22.428]]],[[[90.934,22.494],[90.978,22.504],[90.976,22.522],[90.932,22.497],[90.934,22.494]]],[[[91.339,22.526],[91.339,22.53],[91.333,22.565],[91.332,22.566],[91.311,22.603],[91.288,22.576],[91.274,22.555],[91.266,22.522],[91.283,22.5],[91.29,22.486],[91.302,22.487],[91.314,22.498],[91.327,22.501],[91.34,22.518],[91.339,22.526]]],[[[91.338,22.732],[91.316,22.729],[91.298,22.721],[91.286,22.705],[91.296,22.673],[91.318,22.65],[91.335,22.668],[91.343,22.686],[91.349,22.716],[91.338,22.732]]],[[[91.407,22.765],[91.41,22.754],[91.424,22.757],[91.407,22.765]]],[[[91.345,22.789],[91.364,22.778],[91.377,22.785],[91.373,22.798],[91.345,22.789]]],[[[90.962,23.131],[90.954,23.114],[90.941,23.101],[90.944,23.087],[90.916,23.072],[90.9,23.073],[90.901,23.062],[90.919,23.042],[90.897,23.039],[90.887,23.026],[90.898,23.012],[90.92,23.013],[90.937,22.99],[90.955,22.993],[90.966,22.979],[90.997,22.978],[90.999,22.949],[90.989,22.94],[90.989,22.925],[90.981,22.916],[90.987,22.9],[90.982,22.892],[90.986,22.877],[90.973,22.868],[90.943,22.862],[90.945,22.845],[90.927,22.814],[90.912,22.816],[90.893,22.809],[90.949,22.778],[90.981,22.754],[90.981,22.715],[91.009,22.706],[91.016,22.678],[91.001,22.666],[90.988,22.64],[91.003,22.624],[91.014,22.599],[91.017,22.568],[91.045,22.549],[91.058,22.534],[91.093,22.466],[91.112,22.452],[91.134,22.443],[91.16,22.458],[91.165,22.479],[91.194,22.5],[91.201,22.51],[91.193,22.519],[91.171,22.52],[91.159,22.512],[91.161,22.502],[91.128,22.487],[91.123,22.496],[91.152,22.5],[91.163,22.52],[91.184,22.526],[91.227,22.526],[91.248,22.554],[91.259,22.576],[91.288,22.619],[91.282,22.646],[91.271,22.671],[91.262,22.685],[91.247,22.691],[91.233,22.705],[91.234,22.717],[91.257,22.697],[91.273,22.711],[91.278,22.723],[91.299,22.745],[91.32,22.752],[91.369,22.752],[91.385,22.765],[91.364,22.77],[91.329,22.788],[91.328,22.798],[91.314,22.808],[91.317,22.822],[91.331,22.817],[91.332,22.821],[91.325,22.827],[91.325,22.837],[91.311,22.844],[91.329,22.848],[91.33,22.847],[91.331,22.845],[91.337,22.845],[91.345,22.898],[91.339,22.91],[91.3,22.894],[91.269,22.892],[91.265,22.882],[91.247,22.902],[91.26,22.91],[91.263,22.944],[91.256,22.964],[91.259,23.012],[91.265,23.022],[91.256,23.043],[91.259,23.055],[91.242,23.057],[91.237,23.066],[91.204,23.066],[91.183,23.061],[91.16,23.084],[91.129,23.075],[91.079,23.072],[91.051,23.083],[91.043,23.09],[91.037,23.113],[90.987,23.117],[90.981,23.133],[90.962,23.131]]]]},"properties":{"shapeName":"Noakhali"}},
{"type":"Feature","geometry":{"type":"Polygon","coordinates":[[[89.355,23.886],[89.363,23.892],[89.365,23.911],[89.39,23.905],[89.409,23.882],[89.432,23.867],[89.463,23.843],[89.523,23.817],[89.572,23.808],[89.583,23.814],[89.637,23.809],[89.664,23.809],[89.692,23.813],[89.733,23.835],[89.712,23.859],[89.698,23.885],[89.702,23.896],[89.695,23.924],[89.685,23.926],[89.693,23.943],[89.691,23.976],[89.698,23.996],[89.722,24.014],[89.702,24.024],[89.698,24.036],[89.684,24.042],[89.682,24.062],[89.637,24.087],[89.593,24.102],[89.581,24.111],[89.559,24.111],[89.564,24.124],[89.539,24.129],[89.523,24.151],[89.535,24.173],[89.518,24.179],[89.517,24.189],[89.502,24.217],[89.49,24.217],[89.486,24.204],[89.469,24.201],[89.469,24.231],[89.457,24.231],[89.463,24.251],[89.459,24.262],[89.429,24.269],[89.421,24.283],[89.425,24.307],[89.418,24.322],[89.38,24.341],[89.366,24.354],[89.356,24.349],[89.333,24.349],[89.319,24.353],[89.31,24.335],[89.287,24.331],[89.286,24.305],[89.277,24.305],[89.255,24.273],[89.242,24.276],[89.232,24.245],[89.215,24.212],[89.189,24.198],[89.175,24.201],[89.156,24.173],[89.139,24.168],[89.11,24.165],[89.095,24.157],[89.068,24.15],[89.052,24.141],[89.034,24.148],[89.032,24.166],[88.998,24.157],[89.012,24.144],[89.007,24.118],[89.025,24.094],[89.031,24.071],[89.048,24.02],[89.073,23.978],[89.096,23.973],[89.099,23.96],[89.125,23.962],[89.148,23.951],[89.17,23.951],[89.179,23.962],[89.178,23.987],[89.216,23.988],[89.216,23.973],[89.237,23.973],[89.235,23.95],[89.251,23.934],[89.262,23.91],[89.259,23.885],[89.269,23.881],[89.274,23.901],[89.304,23.889],[89.312,23.874],[89.355,23.886]]]},"properties":{"shapeName":"Pabna"}},
{"type":"Feature","geometry":{"type":"Polygon","coordinates":[[[88.735,26.015],[88.744,26.024],[88.759,26.025],[88.762,26.042],[88.779,26.064],[88.767,26.088],[88.775,26.106],[88.789,26.123],[88.784,26.133],[88.786,26.148],[88.779,26.166],[88.782,26.181],[88.794,26.189],[88.798,26.203],[88.79,26.23],[88.773,26.239],[88.763,26.236],[88.758,26.262],[88.766,26.285],[88.759,26.304],[88.747,26.311],[88.737,26.294],[88.722,26.283],[88.696,26.28],[88.69,26.267],[88.678,26.264],[88.668,26.272],[88.671,26.298],[88.681,26.295],[88.686,26.282],[88.699,26.286],[88.678,26.304],[88.683,26.313],[88.715,26.318],[88.731,26.324],[88.746,26.322],[88.744,26.349],[88.73,26.348],[88.712,26.338],[88.695,26.344],[88.678,26.394],[88.668,26.407],[88.65,26.416],[88.65,26.43],[88.63,26.435],[88.623,26.471],[88.596,26.469],[88.595,26.452],[88.563,26.458],[88.552,26.477],[88.53,26.481],[88.508,26.516],[88.489,26.514],[88.484,26.54],[88.457,26.545],[88.448,26.535],[88.431,26.55],[88.421,26.571],[88.423,26.583],[88.415,26.633],[88.398,26.626],[88.38,26.598],[88.371,26.577],[88.37,26.56],[88.357,26.541],[88.359,26.53],[88.346,26.505],[88.332,26.493],[88.351,26.454],[88.361,26.461],[88.361,26.485],[88.388,26.479],[88.401,26.483],[88.415,26.469],[88.428,26.473],[88.437,26.466],[88.458,26.467],[88.481,26.461],[88.491,26.429],[88.51,26.406],[88.505,26.399],[88.516,26.386],[88.522,26.367],[88.519,26.352],[88.488,26.36],[88.463,26.357],[88.446,26.365],[88.436,26.336],[88.413,26.337],[88.407,26.324],[88.379,26.31],[88.349,26.281],[88.35,26.252],[88.359,26.243],[88.348,26.222],[88.323,26.21],[88.321,26.204],[88.335,26.187],[88.352,26.182],[88.384,26.182],[88.385,26.201],[88.405,26.195],[88.428,26.202],[88.436,26.198],[88.499,26.203],[88.516,26.201],[88.522,26.18],[88.542,26.186],[88.557,26.179],[88.571,26.152],[88.598,26.144],[88.623,26.129],[88.646,26.09],[88.636,26.079],[88.627,26.056],[88.645,26.044],[88.663,26.017],[88.673,26.013],[88.7,26.015],[88.718,26.007],[88.735,26.015]]]},"properties":{"shapeName":"Panchagarh"}},
{"type":"Feature","geometry":{"type":"MultiPolygon","coordinates":[[[[90.381,21.854],[90.367,21.845],[90.384,21.837],[90.381,21.854]]],[[[90.435,21.832],[90.457,21.839],[90.455,21.86],[90.435,21.848],[90.435,21.832]]],[[[90.541,21.854],[90.524,21.861],[90.502,21.86],[90.482,21.844],[90.476,21.825],[90.481,21.815],[90.501,21.812],[90.524,21.829],[90.541,21.854]]],[[[90.553,21.864],[90.551,21.871],[90.529,21.887],[90.515,21.881],[90.504,21.866],[90.544,21.858],[90.553,21.864]]],[[[90.468,21.849],[90.481,21.856],[90.486,21.872],[90.481,21.887],[90.468,21.869],[90.468,21.849]]],[[[90.493,21.876],[90.511,21.891],[90.5,21.911],[90.488,21.888],[90.493,21.876]]],[[[90.424,21.882],[90.451,21.891],[90.46,21.91],[90.427,21.899],[90.424,21.882]]],[[[90.11,21.898],[90.115,21.926],[90.108,21.913],[90.11,21.898]]],[[[90.61,21.964],[90.607,21.924],[90.613,21.934],[90.615,21.958],[90.61,21.964]]],[[[90.587,21.984],[90.563,21.986],[90.53,21.957],[90.507,21.924],[90.508,21.91],[90.517,21.892],[90.561,21.88],[90.576,21.882],[90.589,21.921],[90.602,21.968],[90.587,21.974],[90.587,21.984]]],[[[90.3,21.954],[90.304,21.974],[90.292,21.991],[90.273,21.978],[90.26,21.953],[90.25,21.952],[90.229,21.977],[90.212,21.984],[90.174,21.975],[90.161,21.982],[90.137,21.956],[90.146,21.938],[90.145,21.926],[90.118,21.925],[90.119,21.903],[90.11,21.879],[90.092,21.867],[90.083,21.85],[90.085,21.839],[90.101,21.823],[90.128,21.81],[90.163,21.8],[90.185,21.798],[90.219,21.806],[90.259,21.844],[90.267,21.876],[90.296,21.937],[90.3,21.954]]],[[[90.582,22.023],[90.574,22.014],[90.567,21.994],[90.59,21.987],[90.593,21.996],[90.582,22.023]]],[[[90.388,22.037],[90.381,22.054],[90.365,22.036],[90.361,22.009],[90.388,22.037]]],[[[90.484,21.988],[90.479,22.029],[90.464,22.055],[90.421,22.033],[90.398,22.011],[90.356,21.979],[90.354,21.969],[90.339,21.946],[90.327,21.916],[90.307,21.883],[90.313,21.855],[90.334,21.846],[90.358,21.852],[90.377,21.874],[90.393,21.871],[90.401,21.886],[90.413,21.897],[90.465,21.919],[90.484,21.937],[90.498,21.96],[90.484,21.988]]],[[[90.399,22.055],[90.426,22.076],[90.395,22.086],[90.365,22.061],[90.34,22.022],[90.352,22.01],[90.368,22.05],[90.381,22.055],[90.399,22.055]]],[[[90.586,22.185],[90.577,22.184],[90.55,22.159],[90.539,22.136],[90.485,22.074],[90.481,22.049],[90.49,22.022],[90.485,22.012],[90.508,21.961],[90.531,21.996],[90.553,22.017],[90.579,22.051],[90.586,22.103],[90.581,22.12],[90.585,22.14],[90.573,22.147],[90.586,22.185]]],[[[90.622,22.243],[90.589,22.241],[90.592,22.227],[90.587,22.206],[90.587,22.189],[90.622,22.243]]],[[[90.147,21.975],[90.156,21.983],[90.164,21.984],[90.174,21.977],[90.21,21.986],[90.227,21.98],[90.24,21.965],[90.255,21.954],[90.269,21.982],[90.284,21.993],[90.298,21.992],[90.308,21.982],[90.323,22.019],[90.329,22.042],[90.346,22.063],[90.374,22.079],[90.378,22.087],[90.374,22.108],[90.386,22.137],[90.398,22.149],[90.396,22.165],[90.411,22.175],[90.401,22.133],[90.388,22.121],[90.391,22.089],[90.408,22.083],[90.441,22.084],[90.465,22.109],[90.488,22.14],[90.502,22.166],[90.518,22.176],[90.529,22.207],[90.555,22.234],[90.582,22.254],[90.594,22.267],[90.603,22.285],[90.612,22.313],[90.627,22.31],[90.618,22.295],[90.621,22.275],[90.634,22.287],[90.646,22.307],[90.661,22.318],[90.661,22.356],[90.658,22.366],[90.657,22.383],[90.643,22.381],[90.639,22.418],[90.645,22.452],[90.634,22.46],[90.632,22.463],[90.618,22.476],[90.595,22.445],[90.589,22.449],[90.609,22.486],[90.592,22.529],[90.576,22.543],[90.539,22.563],[90.52,22.559],[90.529,22.547],[90.514,22.535],[90.498,22.545],[90.477,22.532],[90.457,22.535],[90.44,22.51],[90.441,22.487],[90.43,22.464],[90.411,22.481],[90.392,22.485],[90.371,22.501],[90.358,22.492],[90.336,22.468],[90.322,22.481],[90.293,22.469],[90.268,22.47],[90.264,22.463],[90.23,22.453],[90.211,22.418],[90.196,22.415],[90.188,22.395],[90.187,22.366],[90.178,22.34],[90.146,22.312],[90.143,22.29],[90.148,22.273],[90.161,22.247],[90.179,22.236],[90.225,22.217],[90.233,22.227],[90.236,22.248],[90.246,22.262],[90.272,22.263],[90.289,22.243],[90.304,22.244],[90.331,22.263],[90.328,22.246],[90.343,22.238],[90.363,22.215],[90.352,22.195],[90.35,22.181],[90.337,22.166],[90.341,22.119],[90.334,22.1],[90.317,22.082],[90.291,22.072],[90.289,22.057],[90.276,22.031],[90.256,22.033],[90.241,22.027],[90.234,22.059],[90.218,22.065],[90.2,22.092],[90.186,22.084],[90.191,22.06],[90.211,22.048],[90.197,22.021],[90.179,22.002],[90.191,21.985],[90.172,21.981],[90.159,21.987],[90.153,21.983],[90.147,21.975]]],[[[90.575,22.57],[90.575,22.571],[90.558,22.588],[90.552,22.577],[90.559,22.566],[90.586,22.547],[90.575,22.57]]],[[[90.547,22.593],[90.557,22.589],[90.554,22.593],[90.547,22.593]]]]},"properties":{"shapeName":"Patuakhali"}},
{"type":"Feature","geometry":{"type":"MultiPolygon","coordinates":[[[[89.889,22.158],[89.891,22.158],[89.888,22.165],[89.889,22.158]]],[[[89.886,22.177],[89.898,22.178],[89.907,22.159],[89.931,22.163],[89.943,22.176],[89.959,22.183],[89.978,22.203],[90.001,22.214],[89.999,22.229],[90.019,22.231],[90.029,22.26],[90.02,22.275],[90.024,22.293],[90.053,22.315],[90.051,22.337],[90.056,22.356],[90.036,22.371],[90.019,22.372],[90.023,22.394],[90.039,22.402],[90.029,22.419],[90.027,22.443],[90.055,22.442],[90.056,22.454],[90.066,22.462],[90.077,22.44],[90.101,22.445],[90.123,22.468],[90.134,22.487],[90.101,22.499],[90.085,22.488],[90.065,22.508],[90.067,22.529],[90.066,22.553],[90.056,22.579],[90.064,22.594],[90.077,22.588],[90.101,22.595],[90.108,22.605],[90.106,22.621],[90.097,22.639],[90.099,22.657],[90.138,22.674],[90.155,22.705],[90.159,22.72],[90.179,22.735],[90.177,22.753],[90.152,22.763],[90.141,22.76],[90.115,22.778],[90.106,22.775],[90.093,22.785],[90.08,22.784],[90.068,22.8],[90.044,22.825],[90.028,22.818],[90.034,22.839],[90.035,22.866],[90.018,22.871],[89.987,22.866],[89.967,22.854],[89.944,22.856],[89.94,22.845],[89.946,22.832],[89.915,22.807],[89.916,22.798],[89.932,22.794],[89.917,22.777],[89.905,22.774],[89.915,22.752],[89.931,22.753],[89.932,22.726],[89.903,22.725],[89.862,22.702],[89.867,22.692],[89.903,22.695],[89.921,22.692],[89.937,22.679],[89.914,22.66],[89.9,22.673],[89.896,22.656],[89.927,22.641],[89.921,22.606],[89.958,22.599],[89.963,22.589],[89.958,22.564],[89.944,22.538],[89.923,22.513],[89.932,22.508],[89.965,22.508],[89.965,22.493],[89.932,22.497],[89.914,22.505],[89.892,22.507],[89.882,22.496],[89.884,22.486],[89.897,22.475],[89.925,22.478],[89.945,22.466],[89.93,22.446],[89.911,22.447],[89.877,22.428],[89.871,22.417],[89.875,22.406],[89.898,22.382],[89.9,22.361],[89.892,22.341],[89.876,22.32],[89.862,22.291],[89.858,22.256],[89.865,22.226],[89.876,22.21],[89.886,22.177]]]]},"properties":{"shapeName":"Pirojpur"}},
{"type":"Feature","geometry":{"type":"Polygon","coordinates":[[[89.865,23.719],[89.84,23.742],[89.836,23.751],[89.816,23.764],[89.811,23.773],[89.777,23.803],[89.771,23.833],[89.733,23.835],[89.692,23.813],[89.664,23.809],[89.637,23.809],[89.583,23.814],[89.572,23.808],[89.523,23.817],[89.463,23.843],[89.432,23.867],[89.409,23.882],[89.39,23.905],[89.365,23.911],[89.363,23.892],[89.355,23.886],[89.351,23.841],[89.336,23.829],[89.33,23.804],[89.33,23.779],[89.315,23.747],[89.298,23.736],[89.312,23.729],[89.323,23.713],[89.322,23.703],[89.366,23.664],[89.386,23.677],[89.411,23.682],[89.416,23.674],[89.44,23.659],[89.442,23.639],[89.47,23.635],[89.482,23.62],[89.471,23.597],[89.484,23.593],[89.497,23.579],[89.507,23.587],[89.521,23.586],[89.529,23.571],[89.542,23.577],[89.548,23.591],[89.562,23.592],[89.565,23.604],[89.586,23.594],[89.605,23.595],[89.618,23.589],[89.646,23.591],[89.655,23.61],[89.668,23.608],[89.669,23.586],[89.713,23.589],[89.73,23.582],[89.752,23.59],[89.747,23.607],[89.728,23.619],[89.731,23.636],[89.728,23.666],[89.756,23.667],[89.762,23.681],[89.79,23.683],[89.793,23.709],[89.811,23.721],[89.841,23.709],[89.865,23.719]]]},"properties":{"shapeName":"Rajbari"}},
{"type":"Feature","geometry":{"type":"Polygon","coordinates":[[[88.861,24.112],[88.872,24.13],[88.883,24.13],[88.895,24.158],[88.876,24.165],[88.869,24.175],[88.876,24.201],[88.872,24.227],[88.899,24.23],[88.915,24.241],[88.915,24.255],[88.9,24.271],[88.903,24.29],[88.886,24.294],[88.866,24.311],[88.847,24.319],[88.848,24.342],[88.862,24.363],[88.892,24.365],[88.89,24.383],[88.902,24.408],[88.897,24.44],[88.9,24.464],[88.893,24.475],[88.924,24.517],[88.899,24.511],[88.897,24.535],[88.924,24.544],[88.936,24.536],[88.963,24.549],[88.963,24.584],[88.955,24.579],[88.934,24.589],[88.927,24.598],[88.924,24.618],[88.911,24.633],[88.91,24.643],[88.875,24.637],[88.86,24.657],[88.833,24.659],[88.823,24.653],[88.811,24.658],[88.815,24.671],[88.802,24.686],[88.768,24.668],[88.757,24.671],[88.743,24.683],[88.735,24.664],[88.72,24.668],[88.703,24.663],[88.705,24.628],[88.683,24.637],[88.64,24.617],[88.633,24.621],[88.624,24.645],[88.63,24.652],[88.625,24.695],[88.61,24.704],[88.594,24.698],[88.589,24.684],[88.571,24.681],[88.576,24.696],[88.568,24.705],[88.548,24.701],[88.506,24.719],[88.488,24.707],[88.49,24.69],[88.455,24.678],[88.486,24.659],[88.449,24.662],[88.435,24.666],[88.427,24.633],[88.41,24.609],[88.391,24.6],[88.375,24.603],[88.345,24.586],[88.332,24.586],[88.318,24.569],[88.306,24.57],[88.302,24.558],[88.31,24.536],[88.31,24.506],[88.304,24.494],[88.315,24.461],[88.331,24.448],[88.292,24.416],[88.328,24.385],[88.357,24.374],[88.389,24.372],[88.43,24.384],[88.446,24.379],[88.484,24.357],[88.496,24.354],[88.508,24.343],[88.527,24.344],[88.555,24.293],[88.568,24.327],[88.587,24.324],[88.588,24.312],[88.624,24.316],[88.629,24.305],[88.659,24.315],[88.697,24.315],[88.725,24.298],[88.735,24.277],[88.741,24.254],[88.734,24.222],[88.733,24.194],[88.738,24.194],[88.757,24.162],[88.785,24.135],[88.819,24.121],[88.844,24.126],[88.861,24.112]]]},"properties":{"shapeName":"Rajshahi"}},
{"type":"Feature","geometry":{"type":"Polygon","coordinates":[[[92.614,21.852],[92.632,21.863],[92.626,21.909],[92.604,21.983],[92.612,21.993],[92.597,22.013],[92.601,22.022],[92.593,22.041],[92.595,22.062],[92.585,22.082],[92.575,22.116],[92.563,22.128],[92.582,22.142],[92.589,22.131],[92.605,22.123],[92.611,22.138],[92.607,22.166],[92.596,22.175],[92.597,22.19],[92.588,22.231],[92.589,22.254],[92.581,22.269],[92.585,22.277],[92.575,22.342],[92.559,22.4],[92.552,22.413],[92.554,22.436],[92.546,22.469],[92.544,22.495],[92.55,22.514],[92.539,22.529],[92.54,22.541],[92.524,22.558],[92.538,22.575],[92.529,22.616],[92.523,22.655],[92.525,22.672],[92.519,22.688],[92.517,22.716],[92.508,22.737],[92.491,22.741],[92.474,22.76],[92.469,22.782],[92.471,22.798],[92.455,22.826],[92.46,22.851],[92.448,22.877],[92.436,22.886],[92.421,22.908],[92.404,22.918],[92.398,22.929],[92.38,22.93],[92.373,22.94],[92.378,22.955],[92.374,22.97],[92.385,22.993],[92.38,23.016],[92.392,23.054],[92.375,23.085],[92.358,23.106],[92.366,23.127],[92.358,23.135],[92.363,23.16],[92.354,23.185],[92.353,23.224],[92.351,23.234],[92.401,23.237],[92.398,23.256],[92.388,23.282],[92.381,23.285],[92.386,23.306],[92.368,23.326],[92.381,23.352],[92.379,23.362],[92.356,23.373],[92.346,23.433],[92.335,23.433],[92.329,23.45],[92.319,23.508],[92.307,23.536],[92.312,23.56],[92.308,23.578],[92.289,23.598],[92.288,23.629],[92.276,23.632],[92.273,23.644],[92.283,23.662],[92.291,23.691],[92.278,23.718],[92.264,23.725],[92.249,23.724],[92.237,23.711],[92.237,23.693],[92.226,23.655],[92.213,23.653],[92.206,23.675],[92.212,23.681],[92.207,23.701],[92.186,23.711],[92.17,23.723],[92.172,23.739],[92.144,23.733],[92.142,23.725],[92.121,23.693],[92.107,23.689],[92.1,23.677],[92.083,23.68],[92.074,23.648],[92.104,23.586],[92.123,23.529],[92.137,23.43],[92.124,23.416],[92.085,23.394],[92.049,23.365],[92.125,23.319],[92.126,23.269],[92.13,23.224],[92.138,23.193],[92.152,23.156],[92.181,23.102],[92.143,23.089],[92.136,23.095],[92.114,23.08],[92.072,23.073],[92.104,23.005],[92.118,22.959],[92.069,22.933],[92.06,22.905],[92.049,22.89],[92.037,22.884],[92.019,22.884],[92,22.842],[91.981,22.835],[91.975,22.796],[91.978,22.781],[91.996,22.743],[92.001,22.727],[91.994,22.721],[91.967,22.718],[91.963,22.691],[91.928,22.689],[91.926,22.68],[91.943,22.668],[91.935,22.657],[91.939,22.624],[91.962,22.574],[91.978,22.508],[91.97,22.496],[91.981,22.484],[91.997,22.485],[92.016,22.499],[92.017,22.518],[92.027,22.529],[92.015,22.549],[92.017,22.569],[92.006,22.582],[92.013,22.605],[92.033,22.613],[92.07,22.615],[92.08,22.61],[92.086,22.585],[92.101,22.577],[92.107,22.556],[92.11,22.529],[92.117,22.529],[92.129,22.493],[92.128,22.459],[92.14,22.448],[92.136,22.431],[92.128,22.431],[92.119,22.416],[92.099,22.401],[92.122,22.366],[92.132,22.37],[92.146,22.348],[92.184,22.347],[92.197,22.343],[92.196,22.332],[92.221,22.331],[92.264,22.344],[92.28,22.355],[92.362,22.341],[92.384,22.328],[92.413,22.303],[92.466,22.252],[92.483,22.222],[92.498,22.148],[92.501,22.102],[92.516,22.068],[92.523,22.027],[92.538,21.989],[92.57,21.928],[92.587,21.881],[92.614,21.852]]]},"properties":{"shapeName":"Rangamati"}},
{"type":"Feature","geometry":{"type":"Polygon","coordinates":[[[89.281,25.301],[89.313,25.299],[89.343,25.304],[89.346,25.315],[89.33,25.322],[89.347,25.337],[89.343,25.367],[89.364,25.389],[89.366,25.403],[89.378,25.41],[89.38,25.444],[89.391,25.442],[89.398,25.46],[89.415,25.463],[89.442,25.488],[89.44,25.53],[89.411,25.537],[89.408,25.571],[89.413,25.588],[89.443,25.584],[89.466,25.598],[89.486,25.581],[89.489,25.604],[89.497,25.622],[89.513,25.619],[89.536,25.649],[89.521,25.645],[89.514,25.658],[89.52,25.68],[89.508,25.717],[89.494,25.713],[89.486,25.723],[89.498,25.73],[89.499,25.748],[89.482,25.753],[89.48,25.763],[89.459,25.786],[89.429,25.788],[89.424,25.794],[89.392,25.796],[89.37,25.812],[89.351,25.822],[89.335,25.837],[89.335,25.85],[89.316,25.858],[89.296,25.877],[89.282,25.896],[89.265,25.89],[89.259,25.898],[89.235,25.905],[89.212,25.927],[89.202,25.944],[89.18,25.952],[89.153,25.955],[89.142,25.964],[89.109,25.959],[89.102,25.939],[89.103,25.911],[89.098,25.906],[89.115,25.882],[89.103,25.875],[89.089,25.848],[89.089,25.831],[89.062,25.834],[89.045,25.816],[89.013,25.819],[88.973,25.807],[88.957,25.814],[88.952,25.803],[88.962,25.784],[88.945,25.775],[88.944,25.761],[88.954,25.746],[88.941,25.734],[88.931,25.721],[88.939,25.686],[88.978,25.669],[89.001,25.649],[89,25.621],[89.01,25.619],[89.016,25.603],[89.038,25.604],[89.047,25.584],[89.061,25.588],[89.103,25.562],[89.101,25.543],[89.107,25.507],[89.106,25.472],[89.123,25.466],[89.125,25.452],[89.148,25.434],[89.149,25.417],[89.16,25.403],[89.205,25.389],[89.235,25.351],[89.227,25.344],[89.238,25.319],[89.261,25.314],[89.281,25.301]]]},"properties":{"shapeName":"Rangpur"}},
{"type":"Feature","geometry":{"type":"MultiPolygon","coordinates":[[[[89.246,21.689],[89.224,21.696],[89.208,21.657],[89.231,21.653],[89.259,21.658],[89.28,21.669],[89.291,21.69],[89.259,21.697],[89.246,21.689]]],[[[89.276,21.756],[89.263,21.758],[89.231,21.752],[89.22,21.738],[89.237,21.696],[89.278,21.703],[89.289,21.732],[89.284,21.75],[89.276,21.756]]],[[[89.212,21.822],[89.191,21.825],[89.19,21.791],[89.209,21.771],[89.219,21.752],[89.244,21.759],[89.276,21.76],[89.284,21.767],[89.287,21.782],[89.282,21.793],[89.258,21.795],[89.235,21.811],[89.231,21.821],[89.212,21.822]]],[[[89.271,21.818],[89.265,21.833],[89.243,21.809],[89.257,21.797],[89.27,21.794],[89.281,21.8],[89.271,21.818]]],[[[89.104,21.781],[89.084,21.797],[89.077,21.812],[89.076,21.828],[89.083,21.857],[89.061,21.884],[89.057,21.9],[89.059,21.919],[89.037,21.92],[89.034,21.894],[89.054,21.876],[89.061,21.855],[89.058,21.83],[89.045,21.788],[89.067,21.774],[89.107,21.723],[89.118,21.719],[89.138,21.723],[89.146,21.735],[89.143,21.755],[89.13,21.77],[89.104,21.781]]],[[[89.301,21.838],[89.308,21.86],[89.323,21.879],[89.36,21.9],[89.358,21.914],[89.348,21.942],[89.337,21.961],[89.31,21.992],[89.3,21.992],[89.303,21.972],[89.299,21.966],[89.293,21.963],[89.298,21.956],[89.29,21.951],[89.29,21.939],[89.3,21.928],[89.319,21.921],[89.321,21.917],[89.32,21.914],[89.291,21.88],[89.308,21.87],[89.298,21.855],[89.294,21.839],[89.281,21.835],[89.294,21.822],[89.301,21.838]]],[[[89.185,22.022],[89.165,22.019],[89.171,21.994],[89.145,21.964],[89.141,21.948],[89.149,21.928],[89.204,21.923],[89.213,21.913],[89.203,21.89],[89.199,21.849],[89.194,21.83],[89.21,21.825],[89.231,21.824],[89.248,21.818],[89.263,21.836],[89.274,21.856],[89.267,21.871],[89.269,21.884],[89.284,21.906],[89.262,21.907],[89.249,21.912],[89.241,21.928],[89.213,21.933],[89.202,21.949],[89.212,21.968],[89.242,21.983],[89.242,21.988],[89.195,22.003],[89.185,22.022]]],[[[89.124,22.046],[89.127,22.057],[89.136,22.066],[89.121,22.07],[89.111,22.052],[89.093,22.039],[89.096,22.022],[89.091,22.015],[89.096,21.979],[89.093,21.961],[89.097,21.941],[89.116,21.952],[89.106,21.96],[89.108,21.978],[89.116,21.991],[89.129,21.997],[89.127,22.026],[89.116,22.031],[89.124,22.046]]],[[[89.15,22.028],[89.147,22.04],[89.157,22.056],[89.174,22.062],[89.149,22.077],[89.128,22.055],[89.125,22.046],[89.118,22.032],[89.127,22.028],[89.133,22.006],[89.132,21.998],[89.117,21.989],[89.108,21.975],[89.108,21.96],[89.117,21.956],[89.117,21.951],[89.11,21.945],[89.099,21.938],[89.091,21.947],[89.082,21.922],[89.08,21.904],[89.098,21.877],[89.105,21.847],[89.104,21.822],[89.099,21.814],[89.14,21.797],[89.154,21.795],[89.168,21.803],[89.172,21.822],[89.185,21.837],[89.183,21.855],[89.188,21.882],[89.201,21.912],[89.185,21.916],[89.154,21.914],[89.139,21.922],[89.131,21.949],[89.139,21.974],[89.163,21.993],[89.162,22.002],[89.15,22.028]]],[[[89.261,22.081],[89.248,22.095],[89.226,22.096],[89.252,22.07],[89.251,22.05],[89.221,22.006],[89.249,21.991],[89.25,21.978],[89.236,21.967],[89.217,21.959],[89.22,21.945],[89.239,21.941],[89.261,21.916],[89.279,21.92],[89.296,21.906],[89.293,21.892],[89.278,21.876],[89.285,21.854],[89.296,21.857],[89.306,21.869],[89.29,21.878],[89.291,21.883],[89.305,21.9],[89.31,21.907],[89.319,21.917],[89.319,21.919],[89.306,21.924],[89.296,21.93],[89.289,21.94],[89.289,21.949],[89.291,21.953],[89.296,21.955],[89.292,21.961],[89.293,21.965],[89.297,21.966],[89.302,21.972],[89.287,21.987],[89.306,22.001],[89.292,22.033],[89.277,22.06],[89.286,22.088],[89.261,22.081]]],[[[88.909,22.919],[88.898,22.898],[88.905,22.886],[88.928,22.873],[88.945,22.881],[88.969,22.843],[88.958,22.796],[88.95,22.797],[88.936,22.782],[88.924,22.78],[88.911,22.758],[88.921,22.75],[88.916,22.736],[88.928,22.718],[88.956,22.704],[88.962,22.695],[88.948,22.677],[88.945,22.662],[88.929,22.651],[88.935,22.618],[88.952,22.621],[88.958,22.608],[88.939,22.59],[88.942,22.557],[88.962,22.55],[88.973,22.517],[88.981,22.486],[88.997,22.468],[88.992,22.443],[89.002,22.428],[88.974,22.411],[88.991,22.389],[88.983,22.377],[88.988,22.367],[88.988,22.323],[89.001,22.324],[89.024,22.3],[89,22.296],[88.997,22.283],[89.036,22.254],[89.043,22.224],[89.077,22.191],[89.068,22.175],[89.072,22.153],[89.097,22.162],[89.102,22.148],[89.056,22.109],[89.048,22.095],[89.056,22.065],[89.068,22.054],[89.09,22.019],[89.094,22.026],[89.092,22.039],[89.094,22.05],[89.111,22.055],[89.119,22.07],[89.139,22.068],[89.148,22.078],[89.126,22.102],[89.117,22.128],[89.132,22.137],[89.138,22.124],[89.119,22.124],[89.131,22.102],[89.158,22.08],[89.174,22.072],[89.176,22.058],[89.155,22.038],[89.163,22.028],[89.187,22.025],[89.202,22.003],[89.223,22.025],[89.245,22.059],[89.235,22.076],[89.218,22.088],[89.217,22.1],[89.232,22.105],[89.249,22.101],[89.264,22.113],[89.264,22.137],[89.279,22.159],[89.306,22.179],[89.312,22.187],[89.306,22.214],[89.311,22.23],[89.293,22.253],[89.31,22.273],[89.314,22.285],[89.281,22.288],[89.276,22.31],[89.251,22.339],[89.273,22.348],[89.264,22.378],[89.248,22.37],[89.24,22.375],[89.254,22.395],[89.243,22.422],[89.241,22.437],[89.248,22.45],[89.259,22.456],[89.262,22.468],[89.284,22.475],[89.255,22.498],[89.249,22.528],[89.234,22.552],[89.241,22.567],[89.262,22.579],[89.262,22.604],[89.243,22.61],[89.257,22.626],[89.243,22.638],[89.251,22.656],[89.281,22.636],[89.302,22.647],[89.295,22.654],[89.263,22.668],[89.26,22.694],[89.268,22.701],[89.288,22.696],[89.305,22.686],[89.304,22.704],[89.32,22.714],[89.332,22.729],[89.311,22.75],[89.31,22.762],[89.299,22.772],[89.29,22.795],[89.27,22.791],[89.264,22.814],[89.246,22.816],[89.256,22.831],[89.247,22.836],[89.223,22.821],[89.196,22.811],[89.168,22.817],[89.163,22.802],[89.148,22.795],[89.142,22.803],[89.159,22.814],[89.158,22.827],[89.137,22.827],[89.125,22.842],[89.123,22.853],[89.129,22.871],[89.111,22.889],[89.118,22.904],[89.138,22.891],[89.142,22.898],[89.126,22.927],[89.107,22.933],[89.097,22.923],[89.082,22.932],[89.059,22.936],[89.034,22.93],[89.015,22.947],[88.989,22.944],[88.992,22.923],[88.963,22.919],[88.95,22.922],[88.942,22.912],[88.922,22.913],[88.909,22.919]]]]},"properties":{"shapeName":"Satkhira"}},
{"type":"Feature","geometry":{"type":"Polygon","coordinates":[[[90.499,23.069],[90.503,23.089],[90.523,23.111],[90.556,23.135],[90.572,23.152],[90.608,23.214],[90.602,23.224],[90.601,23.227],[90.597,23.23],[90.597,23.231],[90.598,23.232],[90.565,23.261],[90.546,23.283],[90.502,23.302],[90.498,23.321],[90.537,23.339],[90.591,23.336],[90.576,23.358],[90.547,23.367],[90.539,23.379],[90.498,23.404],[90.47,23.411],[90.431,23.416],[90.431,23.407],[90.411,23.404],[90.361,23.43],[90.321,23.438],[90.299,23.451],[90.281,23.447],[90.271,23.427],[90.245,23.427],[90.237,23.417],[90.224,23.413],[90.222,23.399],[90.259,23.386],[90.235,23.369],[90.247,23.343],[90.228,23.332],[90.244,23.318],[90.239,23.29],[90.228,23.263],[90.242,23.247],[90.242,23.232],[90.253,23.211],[90.267,23.209],[90.283,23.198],[90.29,23.174],[90.292,23.146],[90.31,23.138],[90.329,23.138],[90.348,23.13],[90.353,23.113],[90.351,23.093],[90.34,23.071],[90.349,23.057],[90.383,23.056],[90.394,23.047],[90.423,23.039],[90.421,23.029],[90.408,23.017],[90.417,23.007],[90.431,23.013],[90.458,23.016],[90.496,23.039],[90.498,23.049],[90.487,23.05],[90.483,23.066],[90.499,23.069]]]},"properties":{"shapeName":"Shariatpur"}},
{"type":"Feature","geometry":{"type":"Polygon","coordinates":[[[90.195,24.885],[90.222,24.881],[90.239,24.892],[90.245,24.928],[90.235,24.934],[90.236,24.948],[90.255,24.946],[90.255,24.957],[90.229,24.967],[90.241,25.009],[90.232,25.042],[90.256,25.065],[90.261,25.054],[90.278,25.056],[90.285,25.064],[90.287,25.083],[90.277,25.094],[90.263,25.098],[90.264,25.124],[90.269,25.148],[90.26,25.163],[90.264,25.196],[90.234,25.205],[90.196,25.211],[90.171,25.223],[90.128,25.226],[90.118,25.224],[90.099,25.235],[90.074,25.244],[90.056,25.261],[90.034,25.262],[90.004,25.281],[89.981,25.281],[89.977,25.297],[89.967,25.304],[89.948,25.294],[89.931,25.283],[89.931,25.261],[89.906,25.266],[89.899,25.225],[89.889,25.214],[89.886,25.183],[89.901,25.181],[89.91,25.172],[89.901,25.159],[89.9,25.135],[89.895,25.116],[89.915,25.089],[89.911,25.072],[89.924,25.061],[89.905,25.044],[89.905,25.034],[89.883,25.036],[89.88,25.02],[89.89,25.008],[89.906,24.98],[89.907,24.955],[89.933,24.961],[89.943,24.95],[89.944,24.934],[89.956,24.924],[89.982,24.917],[89.996,24.923],[90.013,24.911],[90.046,24.911],[90.067,24.906],[90.109,24.908],[90.134,24.899],[90.155,24.905],[90.157,24.895],[90.171,24.889],[90.195,24.885]]]},"properties":{"shapeName":"Sherpur"}},
{"type":"Feature","geometry":{"type":"Polygon","coordinates":[[[89.339,24.559],[89.33,24.535],[89.316,24.515],[89.283,24.48],[89.284,24.462],[89.275,24.449],[89.257,24.439],[89.266,24.428],[89.285,24.42],[89.284,24.403],[89.294,24.365],[89.319,24.353],[89.333,24.349],[89.356,24.349],[89.366,24.354],[89.38,24.341],[89.418,24.322],[89.425,24.307],[89.421,24.283],[89.429,24.269],[89.459,24.262],[89.463,24.251],[89.457,24.231],[89.469,24.231],[89.469,24.201],[89.486,24.204],[89.49,24.217],[89.502,24.217],[89.517,24.189],[89.518,24.179],[89.535,24.173],[89.523,24.151],[89.539,24.129],[89.564,24.124],[89.559,24.111],[89.581,24.111],[89.593,24.102],[89.637,24.087],[89.682,24.062],[89.684,24.042],[89.698,24.036],[89.702,24.024],[89.722,24.014],[89.746,24.023],[89.775,24.027],[89.785,24.035],[89.817,24.063],[89.825,24.088],[89.817,24.109],[89.82,24.141],[89.807,24.149],[89.803,24.16],[89.786,24.159],[89.784,24.171],[89.799,24.175],[89.787,24.21],[89.783,24.237],[89.791,24.265],[89.787,24.289],[89.774,24.302],[89.773,24.325],[89.765,24.339],[89.752,24.35],[89.752,24.36],[89.766,24.375],[89.765,24.386],[89.747,24.431],[89.754,24.456],[89.743,24.455],[89.743,24.471],[89.758,24.5],[89.746,24.52],[89.747,24.538],[89.769,24.54],[89.767,24.557],[89.789,24.572],[89.781,24.591],[89.765,24.614],[89.766,24.623],[89.785,24.626],[89.783,24.67],[89.799,24.679],[89.772,24.724],[89.787,24.728],[89.781,24.763],[89.771,24.773],[89.758,24.767],[89.74,24.768],[89.715,24.777],[89.68,24.784],[89.666,24.747],[89.655,24.745],[89.661,24.728],[89.648,24.719],[89.638,24.696],[89.624,24.685],[89.607,24.687],[89.59,24.703],[89.565,24.699],[89.549,24.674],[89.546,24.652],[89.559,24.626],[89.583,24.618],[89.603,24.604],[89.604,24.583],[89.601,24.562],[89.571,24.547],[89.556,24.555],[89.522,24.552],[89.504,24.557],[89.481,24.555],[89.464,24.544],[89.431,24.551],[89.426,24.561],[89.41,24.561],[89.404,24.552],[89.339,24.559]]]},"properties":{"shapeName":"Sirajganj"}},
{"type":"Feature","geometry":{"type":"Polygon","coordinates":[[[91.649,24.675],[91.654,24.696],[91.661,24.701],[91.656,24.717],[91.672,24.729],[91.662,24.741],[91.677,24.756],[91.671,24.768],[91.64,24.785],[91.653,24.789],[91.675,24.787],[91.674,24.807],[91.658,24.809],[91.665,24.836],[91.657,24.847],[91.664,24.854],[91.698,24.867],[91.682,24.889],[91.69,24.907],[91.692,24.939],[91.701,24.938],[91.712,24.962],[91.704,24.98],[91.69,24.987],[91.681,25.025],[91.689,25.059],[91.709,25.066],[91.725,25.066],[91.734,25.077],[91.719,25.094],[91.72,25.113],[91.726,25.119],[91.704,25.151],[91.692,25.138],[91.67,25.138],[91.665,25.129],[91.638,25.123],[91.623,25.129],[91.621,25.144],[91.599,25.151],[91.602,25.162],[91.615,25.175],[91.577,25.172],[91.556,25.15],[91.526,25.145],[91.502,25.144],[91.5,25.136],[91.466,25.134],[91.469,25.152],[91.44,25.15],[91.425,25.157],[91.415,25.171],[91.399,25.165],[91.376,25.168],[91.361,25.178],[91.337,25.174],[91.318,25.184],[91.292,25.184],[91.292,25.193],[91.26,25.201],[91.23,25.197],[91.195,25.202],[91.164,25.196],[91.125,25.194],[91.081,25.197],[91.038,25.186],[91.019,25.187],[90.985,25.175],[90.965,25.172],[90.97,25.161],[90.949,25.138],[90.956,25.12],[90.948,25.113],[90.965,25.097],[90.971,25.071],[90.957,25.07],[90.945,25.081],[90.934,25.081],[90.93,25.064],[90.933,25.045],[90.952,25.042],[90.938,25.028],[90.936,25.009],[90.947,25.005],[90.941,24.985],[90.948,24.971],[90.96,24.973],[90.973,24.96],[90.971,24.949],[90.955,24.94],[90.953,24.919],[90.964,24.911],[90.98,24.917],[90.996,24.908],[90.998,24.892],[91.015,24.889],[91.031,24.892],[91.051,24.902],[91.075,24.901],[91.096,24.888],[91.109,24.871],[91.109,24.861],[91.121,24.838],[91.113,24.817],[91.117,24.806],[91.132,24.793],[91.153,24.811],[91.143,24.825],[91.153,24.837],[91.171,24.827],[91.173,24.813],[91.161,24.793],[91.171,24.78],[91.135,24.757],[91.15,24.754],[91.154,24.741],[91.148,24.725],[91.181,24.724],[91.198,24.711],[91.212,24.713],[91.222,24.699],[91.241,24.692],[91.23,24.655],[91.208,24.651],[91.205,24.633],[91.195,24.631],[91.182,24.63],[91.179,24.616],[91.2,24.609],[91.206,24.577],[91.226,24.575],[91.234,24.569],[91.262,24.578],[91.272,24.6],[91.29,24.595],[91.313,24.647],[91.332,24.662],[91.351,24.668],[91.367,24.69],[91.38,24.695],[91.387,24.682],[91.401,24.671],[91.415,24.673],[91.429,24.682],[91.438,24.661],[91.456,24.667],[91.496,24.669],[91.545,24.655],[91.568,24.664],[91.58,24.675],[91.592,24.667],[91.611,24.67],[91.625,24.658],[91.636,24.674],[91.649,24.675]]]},"properties":{"shapeName":"Sunamganj"}},
{"type":"Feature","geometry":{"type":"Polygon","coordinates":[[[91.661,24.626],[91.675,24.631],[91.683,24.608],[91.727,24.593],[91.749,24.598],[91.754,24.608],[91.781,24.627],[91.779,24.638],[91.795,24.646],[91.8,24.637],[91.824,24.652],[91.836,24.653],[91.848,24.645],[91.866,24.657],[91.885,24.657],[91.888,24.647],[91.91,24.656],[91.934,24.655],[91.974,24.639],[91.996,24.655],[92.029,24.653],[92.039,24.706],[92.049,24.697],[92.063,24.719],[92.08,24.724],[92.084,24.748],[92.08,24.766],[92.106,24.757],[92.127,24.76],[92.17,24.772],[92.192,24.768],[92.198,24.778],[92.193,24.798],[92.211,24.805],[92.213,24.813],[92.244,24.82],[92.251,24.836],[92.242,24.841],[92.235,24.864],[92.247,24.872],[92.247,24.888],[92.235,24.904],[92.247,24.909],[92.284,24.907],[92.294,24.916],[92.307,24.911],[92.315,24.896],[92.326,24.896],[92.338,24.879],[92.354,24.882],[92.374,24.875],[92.385,24.854],[92.402,24.85],[92.407,24.86],[92.425,24.854],[92.436,24.857],[92.445,24.873],[92.461,24.874],[92.477,24.869],[92.492,24.878],[92.497,24.902],[92.495,24.915],[92.484,24.929],[92.488,24.945],[92.449,24.939],[92.448,24.947],[92.468,24.964],[92.419,24.968],[92.426,25.029],[92.399,25.033],[92.393,25.04],[92.37,25.042],[92.365,25.049],[92.342,25.049],[92.348,25.073],[92.322,25.078],[92.311,25.069],[92.255,25.086],[92.207,25.109],[92.199,25.126],[92.164,25.125],[92.159,25.133],[92.136,25.14],[92.133,25.16],[92.104,25.175],[92.062,25.187],[92.037,25.182],[92.003,25.186],[91.981,25.172],[91.97,25.176],[91.933,25.181],[91.898,25.18],[91.85,25.173],[91.833,25.178],[91.776,25.163],[91.758,25.168],[91.744,25.151],[91.704,25.151],[91.726,25.119],[91.72,25.113],[91.719,25.094],[91.734,25.077],[91.725,25.066],[91.709,25.066],[91.689,25.059],[91.681,25.025],[91.69,24.987],[91.704,24.98],[91.712,24.962],[91.701,24.938],[91.692,24.939],[91.69,24.907],[91.682,24.889],[91.698,24.867],[91.664,24.854],[91.657,24.847],[91.665,24.836],[91.658,24.809],[91.674,24.807],[91.675,24.787],[91.653,24.789],[91.64,24.785],[91.671,24.768],[91.677,24.756],[91.662,24.741],[91.672,24.729],[91.656,24.717],[91.661,24.701],[91.654,24.696],[91.649,24.675],[91.64,24.657],[91.646,24.645],[91.637,24.628],[91.661,24.626]]]},"properties":{"shapeName":"Sylhet"}},
{"type":"Feature","geometry":{"type":"Polygon","coordinates":[[[90.148,24.034],[90.15,24.052],[90.158,24.064],[90.176,24.074],[90.184,24.1],[90.208,24.095],[90.23,24.106],[90.219,24.123],[90.226,24.162],[90.249,24.188],[90.266,24.215],[90.29,24.227],[90.29,24.245],[90.3,24.255],[90.301,24.269],[90.29,24.278],[90.281,24.287],[90.265,24.289],[90.247,24.329],[90.234,24.337],[90.23,24.349],[90.249,24.415],[90.231,24.419],[90.221,24.434],[90.212,24.462],[90.244,24.481],[90.227,24.484],[90.208,24.51],[90.175,24.518],[90.161,24.537],[90.133,24.589],[90.125,24.596],[90.13,24.618],[90.144,24.624],[90.148,24.651],[90.142,24.655],[90.14,24.681],[90.127,24.719],[90.128,24.738],[90.09,24.737],[90.092,24.768],[90.076,24.788],[90.048,24.774],[90.032,24.777],[90.022,24.77],[90.02,24.755],[89.992,24.737],[89.993,24.728],[89.974,24.724],[89.96,24.732],[89.958,24.744],[89.941,24.745],[89.936,24.755],[89.912,24.736],[89.881,24.742],[89.878,24.728],[89.882,24.705],[89.895,24.695],[89.899,24.681],[89.879,24.679],[89.867,24.665],[89.864,24.647],[89.85,24.647],[89.843,24.632],[89.842,24.614],[89.829,24.601],[89.816,24.577],[89.804,24.567],[89.789,24.572],[89.767,24.557],[89.769,24.54],[89.747,24.538],[89.746,24.52],[89.758,24.5],[89.743,24.471],[89.743,24.455],[89.754,24.456],[89.747,24.431],[89.765,24.386],[89.766,24.375],[89.752,24.36],[89.752,24.35],[89.765,24.339],[89.773,24.325],[89.774,24.302],[89.787,24.289],[89.791,24.265],[89.783,24.237],[89.787,24.21],[89.799,24.175],[89.784,24.171],[89.786,24.159],[89.803,24.16],[89.807,24.149],[89.82,24.141],[89.817,24.109],[89.825,24.088],[89.817,24.063],[89.785,24.035],[89.786,24.011],[89.765,23.98],[89.819,23.982],[89.863,23.966],[89.87,23.984],[89.882,23.97],[89.894,23.986],[89.905,23.988],[89.917,23.999],[89.934,24.006],[89.947,24.026],[89.967,24.015],[89.969,24.03],[89.979,24.034],[89.992,24.002],[90.008,24.011],[90.041,24.028],[90.074,24.034],[90.082,24.041],[90.102,24.019],[90.11,24.019],[90.128,24.033],[90.148,24.034]]]},"properties":{"shapeName":"Tangail"}},
{"type":"Feature","geometry":{"type":"Polygon","coordinates":[[[88.627,26.056],[88.636,26.079],[88.646,26.09],[88.623,26.129],[88.598,26.144],[88.571,26.152],[88.557,26.179],[88.542,26.186],[88.522,26.18],[88.516,26.201],[88.499,26.203],[88.436,26.198],[88.428,26.202],[88.405,26.195],[88.385,26.201],[88.384,26.182],[88.352,26.182],[88.335,26.187],[88.321,26.204],[88.279,26.194],[88.276,26.189],[88.248,26.19],[88.233,26.181],[88.222,26.166],[88.184,26.154],[88.174,26.131],[88.173,26.111],[88.159,26.097],[88.185,26.063],[88.176,26.058],[88.173,26.032],[88.155,26.02],[88.144,26.005],[88.13,25.997],[88.128,25.977],[88.115,25.958],[88.111,25.933],[88.098,25.934],[88.086,25.916],[88.09,25.896],[88.103,25.889],[88.094,25.874],[88.111,25.864],[88.114,25.855],[88.101,25.829],[88.12,25.813],[88.116,25.798],[88.172,25.787],[88.181,25.799],[88.193,25.802],[88.207,25.787],[88.215,25.801],[88.228,25.797],[88.249,25.812],[88.27,25.808],[88.268,25.781],[88.316,25.753],[88.321,25.738],[88.338,25.738],[88.375,25.712],[88.371,25.7],[88.391,25.694],[88.39,25.684],[88.402,25.673],[88.427,25.67],[88.438,25.688],[88.436,25.709],[88.421,25.732],[88.4,25.731],[88.387,25.763],[88.384,25.787],[88.391,25.81],[88.386,25.84],[88.4,25.843],[88.408,25.868],[88.438,25.872],[88.445,25.862],[88.459,25.861],[88.485,25.866],[88.48,25.902],[88.496,25.907],[88.512,25.941],[88.538,25.962],[88.53,25.977],[88.531,25.992],[88.541,25.996],[88.546,26.019],[88.568,26.025],[88.588,26.02],[88.609,26.037],[88.608,26.05],[88.627,26.056]]]},"properties":{"shapeName":"Thakurgaon"}}
]}